CREATE DATABASE  IF NOT EXISTS `dbwebsite_university` /*!40100 DEFAULT CHARACTER SET utf8mb4 COLLATE utf8mb4_0900_ai_ci */ /*!80016 DEFAULT ENCRYPTION='N' */;
USE `dbwebsite_university`;
-- MySQL dump 10.13  Distrib 8.0.25, for Win64 (x86_64)
--
-- Host: 127.0.0.1    Database: dbwebsite_university
-- ------------------------------------------------------
-- Server version	8.0.25

/*!40101 SET @OLD_CHARACTER_SET_CLIENT=@@CHARACTER_SET_CLIENT */;
/*!40101 SET @OLD_CHARACTER_SET_RESULTS=@@CHARACTER_SET_RESULTS */;
/*!40101 SET @OLD_COLLATION_CONNECTION=@@COLLATION_CONNECTION */;
/*!50503 SET NAMES utf8 */;
/*!40103 SET @OLD_TIME_ZONE=@@TIME_ZONE */;
/*!40103 SET TIME_ZONE='+00:00' */;
/*!40014 SET @OLD_UNIQUE_CHECKS=@@UNIQUE_CHECKS, UNIQUE_CHECKS=0 */;
/*!40014 SET @OLD_FOREIGN_KEY_CHECKS=@@FOREIGN_KEY_CHECKS, FOREIGN_KEY_CHECKS=0 */;
/*!40101 SET @OLD_SQL_MODE=@@SQL_MODE, SQL_MODE='NO_AUTO_VALUE_ON_ZERO' */;
/*!40111 SET @OLD_SQL_NOTES=@@SQL_NOTES, SQL_NOTES=0 */;

--
-- Table structure for table `discipline_flow`
--

DROP TABLE IF EXISTS `discipline_flow`;
/*!40101 SET @saved_cs_client     = @@character_set_client */;
/*!50503 SET character_set_client = utf8mb4 */;
CREATE TABLE `discipline_flow` (
  `id` int NOT NULL AUTO_INCREMENT,
  `id_list_discipline` int NOT NULL,
  `number_hours_reading` int DEFAULT NULL,
  `id_flow` int DEFAULT NULL,
  `folder` varchar(255) DEFAULT NULL,
  PRIMARY KEY (`id`),
  KEY `id_list_discipline_idx` (`id_list_discipline`),
  KEY `id_flow_idx` (`id_flow`),
  CONSTRAINT `id_flowfk` FOREIGN KEY (`id_flow`) REFERENCES `flow` (`id`) ON DELETE RESTRICT ON UPDATE CASCADE,
  CONSTRAINT `id_list_discipline` FOREIGN KEY (`id_list_discipline`) REFERENCES `list_disciplines` (`id`) ON DELETE CASCADE ON UPDATE CASCADE
) ENGINE=InnoDB AUTO_INCREMENT=37 DEFAULT CHARSET=utf8mb4 COLLATE=utf8mb4_0900_ai_ci;
/*!40101 SET character_set_client = @saved_cs_client */;

--
-- Dumping data for table `discipline_flow`
--

LOCK TABLES `discipline_flow` WRITE;
/*!40000 ALTER TABLE `discipline_flow` DISABLE KEYS */;
INSERT INTO `discipline_flow` VALUES (22,23,200,1,'disciplines/id23Disciplina1_20230517_160849/id22Potok1_20230517_162857'),(25,24,256,4,'disciplines/id24Disciplina2_20230517_160930/id25Potok3_20230517_163430'),(26,24,256,5,'disciplines/id24Disciplina2_20230517_160930/id26Potok4_20230517_163504'),(27,25,256,6,'disciplines/id25Disciplina3_20230517_161009/id27Potok5_20230517_163656'),(28,23,256,5,'disciplines/id23Disciplina1_20230517_160849/id28Potok4_20230517_164955'),(29,23,256,7,'disciplines/id23Disciplina1_20230517_160849/id29Potok6_20230517_165012'),(30,26,256,1,'disciplines/id26Disciplina4_20230517_161013/id30Potok1_20230517_165139'),(31,26,200,7,'disciplines/id26Disciplina4_20230517_161013/id31Potok6_20230517_165202'),(32,27,200,4,'disciplines/id27Disciplina5_20230517_161016/id32Potok3_20230517_165304'),(33,28,200,18,'disciplines/id28Disciplina6_20230517_161018/id33Potok7_20230517_165321'),(34,29,200,6,'disciplines/id29Disciplina7_20230517_161034/id34Potok5_20230517_165715');
/*!40000 ALTER TABLE `discipline_flow` ENABLE KEYS */;
UNLOCK TABLES;

--
-- Table structure for table `education_material`
--

DROP TABLE IF EXISTS `education_material`;
/*!40101 SET @saved_cs_client     = @@character_set_client */;
/*!50503 SET character_set_client = utf8mb4 */;
CREATE TABLE `education_material` (
  `id` int NOT NULL AUTO_INCREMENT,
  `id_disc_flow` int DEFAULT NULL,
  `topic_material` longtext,
  `id_type_material` int DEFAULT NULL,
  `id_type_assessment` int DEFAULT NULL,
  `id_teacher_added` int DEFAULT NULL,
  `date_added` date DEFAULT NULL,
  `date_assignment` date DEFAULT NULL,
  `explanation_task` longtext,
  `max_score` int DEFAULT NULL,
  `min_score` int DEFAULT NULL,
  `folder` longtext,
  PRIMARY KEY (`id`),
  KEY `id_type_material_idx` (`id_type_material`),
  KEY `id_type_assessment_idx` (`id_type_assessment`),
  KEY `id_disc_flow_keyk_idx` (`id_disc_flow`),
  KEY `id_teacher_keyy_idx` (`id_teacher_added`),
  CONSTRAINT `id_disc_flow_keyk` FOREIGN KEY (`id_disc_flow`) REFERENCES `discipline_flow` (`id`) ON DELETE CASCADE ON UPDATE CASCADE,
  CONSTRAINT `id_teacher_keyy` FOREIGN KEY (`id_teacher_added`) REFERENCES `teacher` (`id`) ON DELETE SET NULL ON UPDATE CASCADE,
  CONSTRAINT `id_type_assessment` FOREIGN KEY (`id_type_assessment`) REFERENCES `type_assessment` (`id`) ON UPDATE CASCADE,
  CONSTRAINT `id_type_material` FOREIGN KEY (`id_type_material`) REFERENCES `type_material` (`id`) ON UPDATE CASCADE
) ENGINE=InnoDB AUTO_INCREMENT=56 DEFAULT CHARSET=utf8mb4 COLLATE=utf8mb4_0900_ai_ci;
/*!40101 SET character_set_client = @saved_cs_client */;

--
-- Dumping data for table `education_material`
--

LOCK TABLES `education_material` WRITE;
/*!40000 ALTER TABLE `education_material` DISABLE KEYS */;
INSERT INTO `education_material` VALUES (51,22,'задание1',1,1,9,'2023-05-31','2023-05-28',NULL,5,3,'disciplines/id23Disciplina1_20230517_160849/id22Potok1_20230517_162857/tasks/id51task/filesteacher'),(52,22,'задание2',1,1,9,'2023-05-31','2023-05-28',NULL,5,3,'disciplines/id23Disciplina1_20230517_160849/id22Potok1_20230517_162857/tasks/id52task/filesteacher'),(53,22,'задание3',1,1,9,'2023-05-31','2023-05-28',NULL,5,3,'disciplines/id23Disciplina1_20230517_160849/id22Potok1_20230517_162857/tasks/id53task/filesteacher'),(54,25,'задание4',1,1,9,'2023-05-31','2023-05-28',NULL,5,3,'disciplines/id24Disciplina2_20230517_160930/id25Potok3_20230517_163430/tasks/id54task/filesteacher'),(55,25,'лекции',2,NULL,9,'2023-05-31',NULL,NULL,NULL,NULL,'disciplines/id24Disciplina2_20230517_160930/id25Potok3_20230517_163430/lectures');
/*!40000 ALTER TABLE `education_material` ENABLE KEYS */;
UNLOCK TABLES;

--
-- Table structure for table `flow`
--

DROP TABLE IF EXISTS `flow`;
/*!40101 SET @saved_cs_client     = @@character_set_client */;
/*!50503 SET character_set_client = utf8mb4 */;
CREATE TABLE `flow` (
  `id` int NOT NULL AUTO_INCREMENT,
  `name` varchar(100) NOT NULL,
  `id_creator` int DEFAULT NULL,
  PRIMARY KEY (`id`),
  KEY `id_creator_idx` (`id_creator`),
  CONSTRAINT `id_creator` FOREIGN KEY (`id_creator`) REFERENCES `teacher` (`id`) ON UPDATE CASCADE
) ENGINE=InnoDB AUTO_INCREMENT=26 DEFAULT CHARSET=utf8mb4 COLLATE=utf8mb4_0900_ai_ci;
/*!40101 SET character_set_client = @saved_cs_client */;

--
-- Dumping data for table `flow`
--

LOCK TABLES `flow` WRITE;
/*!40000 ALTER TABLE `flow` DISABLE KEYS */;
INSERT INTO `flow` VALUES (1,'Поток1',9),(3,'Поток2',9),(4,'Поток3',10),(5,'Поток4',10),(6,'Поток5',11),(7,'Поток6',73),(18,'Поток7',74),(19,'Поток8',74),(20,'Поток9',74),(21,'Поток10',75);
/*!40000 ALTER TABLE `flow` ENABLE KEYS */;
UNLOCK TABLES;

--
-- Table structure for table `flow_group`
--

DROP TABLE IF EXISTS `flow_group`;
/*!40101 SET @saved_cs_client     = @@character_set_client */;
/*!50503 SET character_set_client = utf8mb4 */;
CREATE TABLE `flow_group` (
  `id` int NOT NULL AUTO_INCREMENT,
  `id_flow` int NOT NULL,
  `id_group` int NOT NULL,
  PRIMARY KEY (`id`),
  KEY `id_flow_idx` (`id_flow`),
  KEY `id_group_idx` (`id_group`),
  CONSTRAINT `id_flow` FOREIGN KEY (`id_flow`) REFERENCES `flow` (`id`) ON DELETE CASCADE ON UPDATE CASCADE,
  CONSTRAINT `id_groupfk` FOREIGN KEY (`id_group`) REFERENCES `group` (`id`) ON DELETE CASCADE ON UPDATE CASCADE
) ENGINE=InnoDB AUTO_INCREMENT=78 DEFAULT CHARSET=utf8mb4 COLLATE=utf8mb4_0900_ai_ci;
/*!40101 SET character_set_client = @saved_cs_client */;

--
-- Dumping data for table `flow_group`
--

LOCK TABLES `flow_group` WRITE;
/*!40000 ALTER TABLE `flow_group` DISABLE KEYS */;
INSERT INTO `flow_group` VALUES (2,1,2),(32,1,3),(33,3,1),(34,3,2),(35,4,1),(36,4,2),(37,4,4),(38,4,5),(41,5,6),(42,5,7),(43,6,3),(44,7,8),(45,7,9),(46,18,1),(47,18,2),(48,18,6),(49,18,7),(50,18,9),(60,1,1),(61,19,4);
/*!40000 ALTER TABLE `flow_group` ENABLE KEYS */;
UNLOCK TABLES;

--
-- Table structure for table `group`
--

DROP TABLE IF EXISTS `group`;
/*!40101 SET @saved_cs_client     = @@character_set_client */;
/*!50503 SET character_set_client = utf8mb4 */;
CREATE TABLE `group` (
  `id` int NOT NULL AUTO_INCREMENT,
  `name` varchar(45) NOT NULL,
  `id_group_db_univ` int DEFAULT NULL,
  PRIMARY KEY (`id`),
  KEY `id_group_db_univ_idx` (`id_group_db_univ`),
  CONSTRAINT `id_group_db_univ` FOREIGN KEY (`id_group_db_univ`) REFERENCES `dbuniversity`.`groups` (`id`) ON DELETE RESTRICT ON UPDATE CASCADE
) ENGINE=InnoDB AUTO_INCREMENT=10 DEFAULT CHARSET=utf8mb4 COLLATE=utf8mb4_0900_ai_ci;
/*!40101 SET character_set_client = @saved_cs_client */;

--
-- Dumping data for table `group`
--

LOCK TABLES `group` WRITE;
/*!40000 ALTER TABLE `group` DISABLE KEYS */;
INSERT INTO `group` VALUES (1,'ИСТ-19а',4),(2,'ИСТ-19б',5),(3,'АСУ-19',6),(4,'БИ-19',7),(5,'КМД-19',8),(6,'ИСТ-19в',9),(7,'ИСТ-19г',10),(8,'ИНФ-19',11),(9,'ПИ-19',12);
/*!40000 ALTER TABLE `group` ENABLE KEYS */;
UNLOCK TABLES;

--
-- Table structure for table `group_student`
--

DROP TABLE IF EXISTS `group_student`;
/*!40101 SET @saved_cs_client     = @@character_set_client */;
/*!50503 SET character_set_client = utf8mb4 */;
CREATE TABLE `group_student` (
  `id` int NOT NULL AUTO_INCREMENT,
  `id_student` int DEFAULT NULL,
  `id_group` int DEFAULT NULL,
  `id_student_db_univ` int DEFAULT NULL,
  PRIMARY KEY (`id`),
  KEY `id_student_x_idx` (`id_student`),
  KEY `id_group_idx` (`id_group`),
  KEY `id_student_db_univ_idx` (`id_student_db_univ`),
  CONSTRAINT `id_group` FOREIGN KEY (`id_group`) REFERENCES `group` (`id`) ON UPDATE CASCADE,
  CONSTRAINT `id_student_db_univ` FOREIGN KEY (`id_student_db_univ`) REFERENCES `dbuniversity`.`student` (`id`) ON DELETE RESTRICT ON UPDATE CASCADE,
  CONSTRAINT `id_student_x` FOREIGN KEY (`id_student`) REFERENCES `student` (`id`) ON DELETE CASCADE ON UPDATE CASCADE
) ENGINE=InnoDB AUTO_INCREMENT=147 DEFAULT CHARSET=utf8mb4 COLLATE=utf8mb4_0900_ai_ci;
/*!40101 SET character_set_client = @saved_cs_client */;

--
-- Dumping data for table `group_student`
--

LOCK TABLES `group_student` WRITE;
/*!40000 ALTER TABLE `group_student` DISABLE KEYS */;
INSERT INTO `group_student` VALUES (1,19,1,7),(2,20,1,8),(3,21,1,9),(4,22,1,10),(5,23,1,11),(6,24,1,12),(7,25,1,13),(8,26,1,14),(9,27,1,15),(10,28,1,16),(11,29,1,17),(12,30,1,18),(13,31,2,19),(14,32,2,20),(15,33,2,21),(16,34,2,22),(17,35,2,23),(18,36,2,24),(19,37,2,25),(20,38,2,26),(21,39,3,27),(22,40,3,28),(23,41,3,29),(24,42,3,30),(25,43,3,31),(26,44,3,32),(27,45,3,33),(28,46,3,34),(29,47,3,35),(30,48,3,36),(138,130,4,39),(146,138,4,37);
/*!40000 ALTER TABLE `group_student` ENABLE KEYS */;
UNLOCK TABLES;

--
-- Table structure for table `list_disciplines`
--

DROP TABLE IF EXISTS `list_disciplines`;
/*!40101 SET @saved_cs_client     = @@character_set_client */;
/*!50503 SET character_set_client = utf8mb4 */;
CREATE TABLE `list_disciplines` (
  `id` int NOT NULL AUTO_INCREMENT,
  `name` varchar(255) NOT NULL,
  `id_institute_db_univ` int DEFAULT NULL,
  `id_faculty_db_univ` int DEFAULT NULL,
  `id_department_db_univ` int DEFAULT NULL,
  `id_teacher` int NOT NULL,
  `fon` varchar(255) DEFAULT NULL,
  `folder` varchar(255) DEFAULT NULL,
  PRIMARY KEY (`id`),
  KEY `id_teacher_idx` (`id_teacher`),
  KEY `id_institute_db_univ_idx` (`id_institute_db_univ`),
  KEY `id_department_db_univ_idx` (`id_department_db_univ`),
  KEY `id_faculty_db_univ_idx` (`id_faculty_db_univ`),
  CONSTRAINT `id_department_db_univ` FOREIGN KEY (`id_department_db_univ`) REFERENCES `dbuniversity`.`department` (`id`) ON DELETE RESTRICT ON UPDATE CASCADE,
  CONSTRAINT `id_faculty_db_univ` FOREIGN KEY (`id_faculty_db_univ`) REFERENCES `dbuniversity`.`faculty` (`id`) ON DELETE RESTRICT ON UPDATE CASCADE,
  CONSTRAINT `id_institute_db_univ` FOREIGN KEY (`id_institute_db_univ`) REFERENCES `dbuniversity`.`institute` (`id`) ON DELETE RESTRICT ON UPDATE CASCADE,
  CONSTRAINT `id_teacher` FOREIGN KEY (`id_teacher`) REFERENCES `teacher` (`id`) ON DELETE CASCADE ON UPDATE CASCADE
) ENGINE=InnoDB AUTO_INCREMENT=39 DEFAULT CHARSET=utf8mb4 COLLATE=utf8mb4_0900_ai_ci;
/*!40101 SET character_set_client = @saved_cs_client */;

--
-- Dumping data for table `list_disciplines`
--

LOCK TABLES `list_disciplines` WRITE;
/*!40000 ALTER TABLE `list_disciplines` DISABLE KEYS */;
INSERT INTO `list_disciplines` VALUES (23,'Дисциплина1',2,10,1,9,'defaultimage/default_fon_discipline.png','disciplines/id23Disciplina1_20230524_105721'),(24,'Дисциплина2',2,10,1,9,'defaultimage/default_fon_discipline.png','disciplines/id24Disciplina2_20230517_160930'),(25,'Дисциплина3',2,10,1,9,'defaultimage/default_fon_discipline.png','disciplines/id25Disciplina3_20230517_161009'),(26,'Дисциплина4',2,10,1,10,'defaultimage/default_fon_discipline.png','disciplines/id26Disciplina4_20230517_161013'),(27,'Дисциплина5',2,10,1,11,'defaultimage/default_fon_discipline.png','disciplines/id27Disciplina5_20230517_161016'),(28,'Дисциплина6',2,10,1,11,'defaultimage/default_fon_discipline.png','disciplines/id28Disciplina6_20230517_161018'),(29,'Дисциплина7',2,10,1,73,'defaultimage/default_fon_discipline.png','disciplines/id29Disciplina7_20230517_161034'),(30,'Дисциплина8',2,10,1,74,'defaultimage/default_fon_discipline.png','disciplines/id30Disciplina8_20230517_161518'),(31,'Дисциплина9',2,10,1,74,'defaultimage/default_fon_discipline.png','disciplines/id31Disciplina9_20230517_161520'),(32,'Дисциплина10',2,10,1,75,'defaultimage/default_fon_discipline.png','disciplines/id32Disciplina10_20230517_161524'),(33,'Дисциплина11',2,10,1,75,'defaultimage/default_fon_discipline.png','disciplines/id33Disciplina11_20230517_161530'),(34,'Новая дисциплина12',2,10,1,77,'defaultimage/default_fon_discipline.png','disciplines/id34Novaya_disciplina12_20230517_161550'),(35,'Новая дисциплина13',2,10,1,77,'defaultimage/default_fon_discipline.png','disciplines/id35Novaya_disciplina13_20230517_161553'),(36,'Новая дисциплина14',2,10,2,77,'defaultimage/default_fon_discipline.png','disciplines/id36Novaya_disciplina14_20230528_175117'),(38,'testdisc',2,10,1,9,NULL,NULL);
/*!40000 ALTER TABLE `list_disciplines` ENABLE KEYS */;
UNLOCK TABLES;

--
-- Table structure for table `log_disc_flow`
--

DROP TABLE IF EXISTS `log_disc_flow`;
/*!40101 SET @saved_cs_client     = @@character_set_client */;
/*!50503 SET character_set_client = utf8mb4 */;
CREATE TABLE `log_disc_flow` (
  `id` int NOT NULL AUTO_INCREMENT,
  `id_disc_flow` int DEFAULT NULL,
  `id_type_log` int DEFAULT NULL,
  PRIMARY KEY (`id`),
  KEY `id_disc_flow_k_idx` (`id_disc_flow`),
  KEY `id_type_log_idx` (`id_type_log`),
  CONSTRAINT `id_disc_flow_k` FOREIGN KEY (`id_disc_flow`) REFERENCES `discipline_flow` (`id`) ON DELETE CASCADE ON UPDATE CASCADE,
  CONSTRAINT `id_type_log` FOREIGN KEY (`id_type_log`) REFERENCES `type_log` (`id`) ON DELETE CASCADE ON UPDATE CASCADE
) ENGINE=InnoDB AUTO_INCREMENT=147 DEFAULT CHARSET=utf8mb4 COLLATE=utf8mb4_0900_ai_ci;
/*!40101 SET character_set_client = @saved_cs_client */;

--
-- Dumping data for table `log_disc_flow`
--

LOCK TABLES `log_disc_flow` WRITE;
/*!40000 ALTER TABLE `log_disc_flow` DISABLE KEYS */;
INSERT INTO `log_disc_flow` VALUES (125,22,1),(126,28,1),(127,29,1),(128,25,1),(129,26,1),(130,27,1),(131,30,1),(132,31,1),(133,32,1),(134,33,1),(135,34,1),(136,22,2),(137,28,2),(138,29,2),(139,25,2),(140,26,2),(141,27,2),(142,30,2),(143,31,2),(144,32,2),(145,33,2),(146,34,2);
/*!40000 ALTER TABLE `log_disc_flow` ENABLE KEYS */;
UNLOCK TABLES;

--
-- Table structure for table `log_group`
--

DROP TABLE IF EXISTS `log_group`;
/*!40101 SET @saved_cs_client     = @@character_set_client */;
/*!50503 SET character_set_client = utf8mb4 */;
CREATE TABLE `log_group` (
  `id` int NOT NULL AUTO_INCREMENT,
  `id_log` int DEFAULT NULL,
  `id_group` int DEFAULT NULL,
  `log_group_json` json DEFAULT NULL,
  `id_teacher_edit` int DEFAULT NULL,
  PRIMARY KEY (`id`),
  KEY `id_log_attendance_idx` (`id_log`),
  KEY `id_group_k_idx` (`id_group`),
  KEY `id_teacher_edit_k_idx` (`id_teacher_edit`),
  CONSTRAINT `id_group_k` FOREIGN KEY (`id_group`) REFERENCES `group` (`id`) ON DELETE RESTRICT ON UPDATE CASCADE,
  CONSTRAINT `id_log_attendance` FOREIGN KEY (`id_log`) REFERENCES `log_disc_flow` (`id`) ON DELETE CASCADE ON UPDATE CASCADE,
  CONSTRAINT `id_teacher_edit_k` FOREIGN KEY (`id_teacher_edit`) REFERENCES `teacher` (`id`) ON DELETE SET NULL ON UPDATE CASCADE
) ENGINE=InnoDB AUTO_INCREMENT=290 DEFAULT CHARSET=utf8mb4 COLLATE=utf8mb4_0900_ai_ci;
/*!40101 SET character_set_client = @saved_cs_client */;

--
-- Dumping data for table `log_group`
--

LOCK TABLES `log_group` WRITE;
/*!40000 ALTER TABLE `log_group` DISABLE KEYS */;
INSERT INTO `log_group` VALUES (224,125,2,'{\"id_group\": 2, \"name_group\": \"ИСТ-19б\", \"attendance_group\": [{\"date\": \"2023-05-31\", \"type_class\": \"Л\", \"array_students\": [{\"name\": \"Владислав\", \"surname\": \"Бабичев\", \"id_student\": 31, \"patronymic\": \"Александрович\", \"presence_class\": \"-\"}, {\"name\": \"Илья\", \"surname\": \"Гейвандов\", \"id_student\": 32, \"patronymic\": \"Романович\", \"presence_class\": \"-\"}, {\"name\": \"Владимир\", \"surname\": \"Карпович\", \"id_student\": 33, \"patronymic\": \"Дмитриевич\", \"presence_class\": \"-\"}, {\"name\": \"Данил\", \"surname\": \"Клюйко\", \"id_student\": 34, \"patronymic\": \"Андреевич\", \"presence_class\": \"-\"}, {\"name\": \"Виктор\", \"surname\": \"Лисиченко\", \"id_student\": 35, \"patronymic\": \"Тимофеевич\", \"presence_class\": \"-\"}, {\"name\": \"Владислав\", \"surname\": \"Моргунов\", \"id_student\": 36, \"patronymic\": \"Дмитриевич\", \"presence_class\": \"-\"}, {\"name\": \"Богдан\", \"surname\": \"Шныра\", \"id_student\": 37, \"patronymic\": \"Олегович\", \"presence_class\": \"-\"}, {\"name\": \"Игорь\", \"surname\": \"Агарков\", \"id_student\": 38, \"patronymic\": \"Анатольевич\", \"presence_class\": \"-\"}]}]}',NULL),(225,125,3,'{\"id_group\": 3, \"name_group\": \"АСУ-19\", \"attendance_group\": [{\"date\": \"2023-05-31\", \"type_class\": \"Л\", \"array_students\": [{\"name\": \"Виталий\", \"surname\": \"Бражников\", \"id_student\": 39, \"patronymic\": \"Андреевич\", \"presence_class\": \"-\"}, {\"name\": \"Денис\", \"surname\": \"Дворников\", \"id_student\": 40, \"patronymic\": \"Евгеньевич\", \"presence_class\": \"-\"}, {\"name\": \"Егор\", \"surname\": \"Дудник\", \"id_student\": 41, \"patronymic\": \"Витальевич\", \"presence_class\": \"-\"}, {\"name\": \"Дмитрий\", \"surname\": \"Лунев\", \"id_student\": 42, \"patronymic\": \"Сергеевич\", \"presence_class\": \"-\"}, {\"name\": \"Мирослав\", \"surname\": \"Павленко\", \"id_student\": 43, \"patronymic\": \"Сергеевич\", \"presence_class\": \"-\"}, {\"name\": \"Алексей\", \"surname\": \"Пушкарь\", \"id_student\": 44, \"patronymic\": \"Дмитриевич\", \"presence_class\": \"-\"}, {\"name\": \"Леонид\", \"surname\": \"Сыгинь\", \"id_student\": 45, \"patronymic\": \"Ярославович\", \"presence_class\": \"-\"}, {\"name\": \"Максим\", \"surname\": \"Шевцов\", \"id_student\": 46, \"patronymic\": \"Викторович\", \"presence_class\": \"-\"}, {\"name\": \"Марк\", \"surname\": \"Яковлев\", \"id_student\": 47, \"patronymic\": \"Юрьевич\", \"presence_class\": \"-\"}, {\"name\": \"Георгий\", \"surname\": \"Ткаченко\", \"id_student\": 48, \"patronymic\": \"Александрович\", \"presence_class\": \"-\"}]}]}',NULL),(226,125,1,'{\"id_group\": 1, \"name_group\": \"ИСТ-19а\", \"attendance_group\": [{\"date\": \"2023-05-31\", \"type_class\": \"Л\", \"array_students\": [{\"name\": \"Алина\", \"surname\": \"Белая\", \"id_student\": 19, \"patronymic\": \"Юрьевна\", \"presence_class\": \"-\"}, {\"name\": \"Георгий\", \"surname\": \"Гоик\", \"id_student\": 20, \"patronymic\": \"Дмитриевич\", \"presence_class\": \"-\"}, {\"name\": \"Данил\", \"surname\": \"Гончаров\", \"id_student\": 21, \"patronymic\": \"Дмитриевич\", \"presence_class\": \"-\"}, {\"name\": \"Кирилл\", \"surname\": \"Деркач\", \"id_student\": 22, \"patronymic\": \"Игоревич\", \"presence_class\": \"-\"}, {\"name\": \"Дмитрий\", \"surname\": \"Лефтеров\", \"id_student\": 23, \"patronymic\": \"Дмитриевич\", \"presence_class\": \"-\"}, {\"name\": \"Полина\", \"surname\": \"Пойденко\", \"id_student\": 24, \"patronymic\": \"Александровна\", \"presence_class\": \"-\"}, {\"name\": \"Максим\", \"surname\": \"Рядко\", \"id_student\": 25, \"patronymic\": \"Алексеевич\", \"presence_class\": \"-\"}, {\"name\": \"Валерия\", \"surname\": \"Савенкова\", \"id_student\": 26, \"patronymic\": \"Олеговна\", \"presence_class\": \"-\"}, {\"name\": \"Артем\", \"surname\": \"Слободяник\", \"id_student\": 27, \"patronymic\": \"Игоревич\", \"presence_class\": \"-\"}, {\"name\": \"Михаил\", \"surname\": \"Шевченко\", \"id_student\": 28, \"patronymic\": \"Владимирович\", \"presence_class\": \"-\"}, {\"name\": \"Богдан\", \"surname\": \"Шестаков\", \"id_student\": 29, \"patronymic\": \"Андреевич\", \"presence_class\": \"-\"}, {\"name\": \"Артем\", \"surname\": \"Яковченко\", \"id_student\": 30, \"patronymic\": \"Александрович\", \"presence_class\": \"-\"}]}]}',NULL),(229,126,6,'{\"id_group\": 6, \"name_group\": \"ИСТ-19в\", \"attendance_group\": [{\"date\": \"2023-05-31\", \"type_class\": \"Л\", \"array_students\": []}]}',NULL),(230,126,7,'{\"id_group\": 7, \"name_group\": \"ИСТ-19г\", \"attendance_group\": [{\"date\": \"2023-05-31\", \"type_class\": \"Л\", \"array_students\": []}]}',NULL),(231,127,8,'{\"id_group\": 8, \"name_group\": \"ИНФ-19\", \"attendance_group\": [{\"date\": \"2023-05-31\", \"type_class\": \"Л\", \"array_students\": []}]}',NULL),(232,127,9,'{\"id_group\": 9, \"name_group\": \"ПИ-19\", \"attendance_group\": [{\"date\": \"2023-05-31\", \"type_class\": \"Л\", \"array_students\": []}]}',NULL),(233,128,1,'{\"id_group\": 1, \"name_group\": \"ИСТ-19а\", \"attendance_group\": [{\"date\": \"2023-05-31\", \"type_class\": \"Л\", \"array_students\": [{\"name\": \"Алина\", \"surname\": \"Белая\", \"id_student\": 19, \"patronymic\": \"Юрьевна\", \"presence_class\": \"-\"}, {\"name\": \"Георгий\", \"surname\": \"Гоик\", \"id_student\": 20, \"patronymic\": \"Дмитриевич\", \"presence_class\": \"-\"}, {\"name\": \"Данил\", \"surname\": \"Гончаров\", \"id_student\": 21, \"patronymic\": \"Дмитриевич\", \"presence_class\": \"-\"}, {\"name\": \"Кирилл\", \"surname\": \"Деркач\", \"id_student\": 22, \"patronymic\": \"Игоревич\", \"presence_class\": \"-\"}, {\"name\": \"Дмитрий\", \"surname\": \"Лефтеров\", \"id_student\": 23, \"patronymic\": \"Дмитриевич\", \"presence_class\": \"-\"}, {\"name\": \"Полина\", \"surname\": \"Пойденко\", \"id_student\": 24, \"patronymic\": \"Александровна\", \"presence_class\": \"-\"}, {\"name\": \"Максим\", \"surname\": \"Рядко\", \"id_student\": 25, \"patronymic\": \"Алексеевич\", \"presence_class\": \"-\"}, {\"name\": \"Валерия\", \"surname\": \"Савенкова\", \"id_student\": 26, \"patronymic\": \"Олеговна\", \"presence_class\": \"-\"}, {\"name\": \"Артем\", \"surname\": \"Слободяник\", \"id_student\": 27, \"patronymic\": \"Игоревич\", \"presence_class\": \"-\"}, {\"name\": \"Михаил\", \"surname\": \"Шевченко\", \"id_student\": 28, \"patronymic\": \"Владимирович\", \"presence_class\": \"-\"}, {\"name\": \"Богдан\", \"surname\": \"Шестаков\", \"id_student\": 29, \"patronymic\": \"Андреевич\", \"presence_class\": \"-\"}, {\"name\": \"Артем\", \"surname\": \"Яковченко\", \"id_student\": 30, \"patronymic\": \"Александрович\", \"presence_class\": \"-\"}]}]}',NULL),(234,128,2,'{\"id_group\": 2, \"name_group\": \"ИСТ-19б\", \"attendance_group\": [{\"date\": \"2023-05-31\", \"type_class\": \"Л\", \"array_students\": [{\"name\": \"Владислав\", \"surname\": \"Бабичев\", \"id_student\": 31, \"patronymic\": \"Александрович\", \"presence_class\": \"-\"}, {\"name\": \"Илья\", \"surname\": \"Гейвандов\", \"id_student\": 32, \"patronymic\": \"Романович\", \"presence_class\": \"-\"}, {\"name\": \"Владимир\", \"surname\": \"Карпович\", \"id_student\": 33, \"patronymic\": \"Дмитриевич\", \"presence_class\": \"-\"}, {\"name\": \"Данил\", \"surname\": \"Клюйко\", \"id_student\": 34, \"patronymic\": \"Андреевич\", \"presence_class\": \"-\"}, {\"name\": \"Виктор\", \"surname\": \"Лисиченко\", \"id_student\": 35, \"patronymic\": \"Тимофеевич\", \"presence_class\": \"-\"}, {\"name\": \"Владислав\", \"surname\": \"Моргунов\", \"id_student\": 36, \"patronymic\": \"Дмитриевич\", \"presence_class\": \"-\"}, {\"name\": \"Богдан\", \"surname\": \"Шныра\", \"id_student\": 37, \"patronymic\": \"Олегович\", \"presence_class\": \"-\"}, {\"name\": \"Игорь\", \"surname\": \"Агарков\", \"id_student\": 38, \"patronymic\": \"Анатольевич\", \"presence_class\": \"-\"}]}]}',NULL),(235,128,4,'{\"id_group\": 4, \"name_group\": \"БИ-19\", \"attendance_group\": [{\"date\": \"2023-05-31\", \"type_class\": \"Л\", \"array_students\": [{\"name\": \"Артем\", \"surname\": \"Головач\", \"id_student\": 130, \"patronymic\": \"Андреевич\", \"presence_class\": \"-\"}, {\"name\": \"Даниил\", \"surname\": \"Варанкин\", \"id_student\": 138, \"patronymic\": \"Вадимович\", \"presence_class\": \"-\"}]}]}',NULL),(236,128,5,'{\"id_group\": 5, \"name_group\": \"КМД-19\", \"attendance_group\": [{\"date\": \"2023-05-31\", \"type_class\": \"Л\", \"array_students\": []}]}',NULL),(237,129,6,'{\"id_group\": 6, \"name_group\": \"ИСТ-19в\", \"attendance_group\": [{\"date\": \"2023-05-31\", \"type_class\": \"Л\", \"array_students\": []}]}',NULL),(238,129,7,'{\"id_group\": 7, \"name_group\": \"ИСТ-19г\", \"attendance_group\": [{\"date\": \"2023-05-31\", \"type_class\": \"Л\", \"array_students\": []}]}',NULL),(239,130,3,'{\"id_group\": 3, \"name_group\": \"АСУ-19\", \"attendance_group\": [{\"date\": \"2023-05-31\", \"type_class\": \"Л\", \"array_students\": [{\"name\": \"Виталий\", \"surname\": \"Бражников\", \"id_student\": 39, \"patronymic\": \"Андреевич\", \"presence_class\": \"-\"}, {\"name\": \"Денис\", \"surname\": \"Дворников\", \"id_student\": 40, \"patronymic\": \"Евгеньевич\", \"presence_class\": \"-\"}, {\"name\": \"Егор\", \"surname\": \"Дудник\", \"id_student\": 41, \"patronymic\": \"Витальевич\", \"presence_class\": \"-\"}, {\"name\": \"Дмитрий\", \"surname\": \"Лунев\", \"id_student\": 42, \"patronymic\": \"Сергеевич\", \"presence_class\": \"-\"}, {\"name\": \"Мирослав\", \"surname\": \"Павленко\", \"id_student\": 43, \"patronymic\": \"Сергеевич\", \"presence_class\": \"-\"}, {\"name\": \"Алексей\", \"surname\": \"Пушкарь\", \"id_student\": 44, \"patronymic\": \"Дмитриевич\", \"presence_class\": \"-\"}, {\"name\": \"Леонид\", \"surname\": \"Сыгинь\", \"id_student\": 45, \"patronymic\": \"Ярославович\", \"presence_class\": \"-\"}, {\"name\": \"Максим\", \"surname\": \"Шевцов\", \"id_student\": 46, \"patronymic\": \"Викторович\", \"presence_class\": \"-\"}, {\"name\": \"Марк\", \"surname\": \"Яковлев\", \"id_student\": 47, \"patronymic\": \"Юрьевич\", \"presence_class\": \"-\"}, {\"name\": \"Георгий\", \"surname\": \"Ткаченко\", \"id_student\": 48, \"patronymic\": \"Александрович\", \"presence_class\": \"-\"}]}]}',NULL),(240,131,2,'{\"id_group\": 2, \"name_group\": \"ИСТ-19б\", \"attendance_group\": [{\"date\": \"2023-05-31\", \"type_class\": \"Л\", \"array_students\": [{\"name\": \"Владислав\", \"surname\": \"Бабичев\", \"id_student\": 31, \"patronymic\": \"Александрович\", \"presence_class\": \"-\"}, {\"name\": \"Илья\", \"surname\": \"Гейвандов\", \"id_student\": 32, \"patronymic\": \"Романович\", \"presence_class\": \"-\"}, {\"name\": \"Владимир\", \"surname\": \"Карпович\", \"id_student\": 33, \"patronymic\": \"Дмитриевич\", \"presence_class\": \"-\"}, {\"name\": \"Данил\", \"surname\": \"Клюйко\", \"id_student\": 34, \"patronymic\": \"Андреевич\", \"presence_class\": \"-\"}, {\"name\": \"Виктор\", \"surname\": \"Лисиченко\", \"id_student\": 35, \"patronymic\": \"Тимофеевич\", \"presence_class\": \"-\"}, {\"name\": \"Владислав\", \"surname\": \"Моргунов\", \"id_student\": 36, \"patronymic\": \"Дмитриевич\", \"presence_class\": \"-\"}, {\"name\": \"Богдан\", \"surname\": \"Шныра\", \"id_student\": 37, \"patronymic\": \"Олегович\", \"presence_class\": \"-\"}, {\"name\": \"Игорь\", \"surname\": \"Агарков\", \"id_student\": 38, \"patronymic\": \"Анатольевич\", \"presence_class\": \"-\"}]}]}',NULL),(241,131,3,'{\"id_group\": 3, \"name_group\": \"АСУ-19\", \"attendance_group\": [{\"date\": \"2023-05-31\", \"type_class\": \"Л\", \"array_students\": [{\"name\": \"Виталий\", \"surname\": \"Бражников\", \"id_student\": 39, \"patronymic\": \"Андреевич\", \"presence_class\": \"-\"}, {\"name\": \"Денис\", \"surname\": \"Дворников\", \"id_student\": 40, \"patronymic\": \"Евгеньевич\", \"presence_class\": \"-\"}, {\"name\": \"Егор\", \"surname\": \"Дудник\", \"id_student\": 41, \"patronymic\": \"Витальевич\", \"presence_class\": \"-\"}, {\"name\": \"Дмитрий\", \"surname\": \"Лунев\", \"id_student\": 42, \"patronymic\": \"Сергеевич\", \"presence_class\": \"-\"}, {\"name\": \"Мирослав\", \"surname\": \"Павленко\", \"id_student\": 43, \"patronymic\": \"Сергеевич\", \"presence_class\": \"-\"}, {\"name\": \"Алексей\", \"surname\": \"Пушкарь\", \"id_student\": 44, \"patronymic\": \"Дмитриевич\", \"presence_class\": \"-\"}, {\"name\": \"Леонид\", \"surname\": \"Сыгинь\", \"id_student\": 45, \"patronymic\": \"Ярославович\", \"presence_class\": \"-\"}, {\"name\": \"Максим\", \"surname\": \"Шевцов\", \"id_student\": 46, \"patronymic\": \"Викторович\", \"presence_class\": \"-\"}, {\"name\": \"Марк\", \"surname\": \"Яковлев\", \"id_student\": 47, \"patronymic\": \"Юрьевич\", \"presence_class\": \"-\"}, {\"name\": \"Георгий\", \"surname\": \"Ткаченко\", \"id_student\": 48, \"patronymic\": \"Александрович\", \"presence_class\": \"-\"}]}]}',NULL),(242,131,1,'{\"id_group\": 1, \"name_group\": \"ИСТ-19а\", \"attendance_group\": [{\"date\": \"2023-05-31\", \"type_class\": \"Л\", \"array_students\": [{\"name\": \"Алина\", \"surname\": \"Белая\", \"id_student\": 19, \"patronymic\": \"Юрьевна\", \"presence_class\": \"-\"}, {\"name\": \"Георгий\", \"surname\": \"Гоик\", \"id_student\": 20, \"patronymic\": \"Дмитриевич\", \"presence_class\": \"-\"}, {\"name\": \"Данил\", \"surname\": \"Гончаров\", \"id_student\": 21, \"patronymic\": \"Дмитриевич\", \"presence_class\": \"-\"}, {\"name\": \"Кирилл\", \"surname\": \"Деркач\", \"id_student\": 22, \"patronymic\": \"Игоревич\", \"presence_class\": \"-\"}, {\"name\": \"Дмитрий\", \"surname\": \"Лефтеров\", \"id_student\": 23, \"patronymic\": \"Дмитриевич\", \"presence_class\": \"-\"}, {\"name\": \"Полина\", \"surname\": \"Пойденко\", \"id_student\": 24, \"patronymic\": \"Александровна\", \"presence_class\": \"-\"}, {\"name\": \"Максим\", \"surname\": \"Рядко\", \"id_student\": 25, \"patronymic\": \"Алексеевич\", \"presence_class\": \"-\"}, {\"name\": \"Валерия\", \"surname\": \"Савенкова\", \"id_student\": 26, \"patronymic\": \"Олеговна\", \"presence_class\": \"-\"}, {\"name\": \"Артем\", \"surname\": \"Слободяник\", \"id_student\": 27, \"patronymic\": \"Игоревич\", \"presence_class\": \"-\"}, {\"name\": \"Михаил\", \"surname\": \"Шевченко\", \"id_student\": 28, \"patronymic\": \"Владимирович\", \"presence_class\": \"-\"}, {\"name\": \"Богдан\", \"surname\": \"Шестаков\", \"id_student\": 29, \"patronymic\": \"Андреевич\", \"presence_class\": \"-\"}, {\"name\": \"Артем\", \"surname\": \"Яковченко\", \"id_student\": 30, \"patronymic\": \"Александрович\", \"presence_class\": \"-\"}]}]}',NULL),(245,132,8,'{\"id_group\": 8, \"name_group\": \"ИНФ-19\", \"attendance_group\": [{\"date\": \"2023-05-31\", \"type_class\": \"Л\", \"array_students\": []}]}',NULL),(246,132,9,'{\"id_group\": 9, \"name_group\": \"ПИ-19\", \"attendance_group\": [{\"date\": \"2023-05-31\", \"type_class\": \"Л\", \"array_students\": []}]}',NULL),(247,133,1,'{\"id_group\": 1, \"name_group\": \"ИСТ-19а\", \"attendance_group\": [{\"date\": \"2023-05-31\", \"type_class\": \"Л\", \"array_students\": [{\"name\": \"Алина\", \"surname\": \"Белая\", \"id_student\": 19, \"patronymic\": \"Юрьевна\", \"presence_class\": \"-\"}, {\"name\": \"Георгий\", \"surname\": \"Гоик\", \"id_student\": 20, \"patronymic\": \"Дмитриевич\", \"presence_class\": \"-\"}, {\"name\": \"Данил\", \"surname\": \"Гончаров\", \"id_student\": 21, \"patronymic\": \"Дмитриевич\", \"presence_class\": \"-\"}, {\"name\": \"Кирилл\", \"surname\": \"Деркач\", \"id_student\": 22, \"patronymic\": \"Игоревич\", \"presence_class\": \"-\"}, {\"name\": \"Дмитрий\", \"surname\": \"Лефтеров\", \"id_student\": 23, \"patronymic\": \"Дмитриевич\", \"presence_class\": \"-\"}, {\"name\": \"Полина\", \"surname\": \"Пойденко\", \"id_student\": 24, \"patronymic\": \"Александровна\", \"presence_class\": \"-\"}, {\"name\": \"Максим\", \"surname\": \"Рядко\", \"id_student\": 25, \"patronymic\": \"Алексеевич\", \"presence_class\": \"-\"}, {\"name\": \"Валерия\", \"surname\": \"Савенкова\", \"id_student\": 26, \"patronymic\": \"Олеговна\", \"presence_class\": \"-\"}, {\"name\": \"Артем\", \"surname\": \"Слободяник\", \"id_student\": 27, \"patronymic\": \"Игоревич\", \"presence_class\": \"-\"}, {\"name\": \"Михаил\", \"surname\": \"Шевченко\", \"id_student\": 28, \"patronymic\": \"Владимирович\", \"presence_class\": \"-\"}, {\"name\": \"Богдан\", \"surname\": \"Шестаков\", \"id_student\": 29, \"patronymic\": \"Андреевич\", \"presence_class\": \"-\"}, {\"name\": \"Артем\", \"surname\": \"Яковченко\", \"id_student\": 30, \"patronymic\": \"Александрович\", \"presence_class\": \"-\"}]}]}',NULL),(248,133,2,'{\"id_group\": 2, \"name_group\": \"ИСТ-19б\", \"attendance_group\": [{\"date\": \"2023-05-31\", \"type_class\": \"Л\", \"array_students\": [{\"name\": \"Владислав\", \"surname\": \"Бабичев\", \"id_student\": 31, \"patronymic\": \"Александрович\", \"presence_class\": \"-\"}, {\"name\": \"Илья\", \"surname\": \"Гейвандов\", \"id_student\": 32, \"patronymic\": \"Романович\", \"presence_class\": \"-\"}, {\"name\": \"Владимир\", \"surname\": \"Карпович\", \"id_student\": 33, \"patronymic\": \"Дмитриевич\", \"presence_class\": \"-\"}, {\"name\": \"Данил\", \"surname\": \"Клюйко\", \"id_student\": 34, \"patronymic\": \"Андреевич\", \"presence_class\": \"-\"}, {\"name\": \"Виктор\", \"surname\": \"Лисиченко\", \"id_student\": 35, \"patronymic\": \"Тимофеевич\", \"presence_class\": \"-\"}, {\"name\": \"Владислав\", \"surname\": \"Моргунов\", \"id_student\": 36, \"patronymic\": \"Дмитриевич\", \"presence_class\": \"-\"}, {\"name\": \"Богдан\", \"surname\": \"Шныра\", \"id_student\": 37, \"patronymic\": \"Олегович\", \"presence_class\": \"-\"}, {\"name\": \"Игорь\", \"surname\": \"Агарков\", \"id_student\": 38, \"patronymic\": \"Анатольевич\", \"presence_class\": \"-\"}]}]}',NULL),(249,133,4,'{\"id_group\": 4, \"name_group\": \"БИ-19\", \"attendance_group\": [{\"date\": \"2023-05-31\", \"type_class\": \"Л\", \"array_students\": [{\"name\": \"Артем\", \"surname\": \"Головач\", \"id_student\": 130, \"patronymic\": \"Андреевич\", \"presence_class\": \"-\"}, {\"name\": \"Даниил\", \"surname\": \"Варанкин\", \"id_student\": 138, \"patronymic\": \"Вадимович\", \"presence_class\": \"-\"}]}]}',NULL),(250,133,5,'{\"id_group\": 5, \"name_group\": \"КМД-19\", \"attendance_group\": [{\"date\": \"2023-05-31\", \"type_class\": \"Л\", \"array_students\": []}]}',NULL),(251,134,1,'{\"id_group\": 1, \"name_group\": \"ИСТ-19а\", \"attendance_group\": [{\"date\": \"2023-05-31\", \"type_class\": \"Л\", \"array_students\": [{\"name\": \"Алина\", \"surname\": \"Белая\", \"id_student\": 19, \"patronymic\": \"Юрьевна\", \"presence_class\": \"-\"}, {\"name\": \"Георгий\", \"surname\": \"Гоик\", \"id_student\": 20, \"patronymic\": \"Дмитриевич\", \"presence_class\": \"-\"}, {\"name\": \"Данил\", \"surname\": \"Гончаров\", \"id_student\": 21, \"patronymic\": \"Дмитриевич\", \"presence_class\": \"-\"}, {\"name\": \"Кирилл\", \"surname\": \"Деркач\", \"id_student\": 22, \"patronymic\": \"Игоревич\", \"presence_class\": \"-\"}, {\"name\": \"Дмитрий\", \"surname\": \"Лефтеров\", \"id_student\": 23, \"patronymic\": \"Дмитриевич\", \"presence_class\": \"-\"}, {\"name\": \"Полина\", \"surname\": \"Пойденко\", \"id_student\": 24, \"patronymic\": \"Александровна\", \"presence_class\": \"-\"}, {\"name\": \"Максим\", \"surname\": \"Рядко\", \"id_student\": 25, \"patronymic\": \"Алексеевич\", \"presence_class\": \"-\"}, {\"name\": \"Валерия\", \"surname\": \"Савенкова\", \"id_student\": 26, \"patronymic\": \"Олеговна\", \"presence_class\": \"-\"}, {\"name\": \"Артем\", \"surname\": \"Слободяник\", \"id_student\": 27, \"patronymic\": \"Игоревич\", \"presence_class\": \"-\"}, {\"name\": \"Михаил\", \"surname\": \"Шевченко\", \"id_student\": 28, \"patronymic\": \"Владимирович\", \"presence_class\": \"-\"}, {\"name\": \"Богдан\", \"surname\": \"Шестаков\", \"id_student\": 29, \"patronymic\": \"Андреевич\", \"presence_class\": \"-\"}, {\"name\": \"Артем\", \"surname\": \"Яковченко\", \"id_student\": 30, \"patronymic\": \"Александрович\", \"presence_class\": \"-\"}]}]}',NULL),(252,134,2,'{\"id_group\": 2, \"name_group\": \"ИСТ-19б\", \"attendance_group\": [{\"date\": \"2023-05-31\", \"type_class\": \"Л\", \"array_students\": [{\"name\": \"Владислав\", \"surname\": \"Бабичев\", \"id_student\": 31, \"patronymic\": \"Александрович\", \"presence_class\": \"-\"}, {\"name\": \"Илья\", \"surname\": \"Гейвандов\", \"id_student\": 32, \"patronymic\": \"Романович\", \"presence_class\": \"-\"}, {\"name\": \"Владимир\", \"surname\": \"Карпович\", \"id_student\": 33, \"patronymic\": \"Дмитриевич\", \"presence_class\": \"-\"}, {\"name\": \"Данил\", \"surname\": \"Клюйко\", \"id_student\": 34, \"patronymic\": \"Андреевич\", \"presence_class\": \"-\"}, {\"name\": \"Виктор\", \"surname\": \"Лисиченко\", \"id_student\": 35, \"patronymic\": \"Тимофеевич\", \"presence_class\": \"-\"}, {\"name\": \"Владислав\", \"surname\": \"Моргунов\", \"id_student\": 36, \"patronymic\": \"Дмитриевич\", \"presence_class\": \"-\"}, {\"name\": \"Богдан\", \"surname\": \"Шныра\", \"id_student\": 37, \"patronymic\": \"Олегович\", \"presence_class\": \"-\"}, {\"name\": \"Игорь\", \"surname\": \"Агарков\", \"id_student\": 38, \"patronymic\": \"Анатольевич\", \"presence_class\": \"-\"}]}]}',NULL),(253,134,6,'{\"id_group\": 6, \"name_group\": \"ИСТ-19в\", \"attendance_group\": [{\"date\": \"2023-05-31\", \"type_class\": \"Л\", \"array_students\": []}]}',NULL),(254,134,7,'{\"id_group\": 7, \"name_group\": \"ИСТ-19г\", \"attendance_group\": [{\"date\": \"2023-05-31\", \"type_class\": \"Л\", \"array_students\": []}]}',NULL),(255,134,9,'{\"id_group\": 9, \"name_group\": \"ПИ-19\", \"attendance_group\": [{\"date\": \"2023-05-31\", \"type_class\": \"Л\", \"array_students\": []}]}',NULL),(256,135,3,'{\"id_group\": 3, \"name_group\": \"АСУ-19\", \"attendance_group\": [{\"date\": \"2023-05-31\", \"type_class\": \"Л\", \"array_students\": [{\"name\": \"Виталий\", \"surname\": \"Бражников\", \"id_student\": 39, \"patronymic\": \"Андреевич\", \"presence_class\": \"-\"}, {\"name\": \"Денис\", \"surname\": \"Дворников\", \"id_student\": 40, \"patronymic\": \"Евгеньевич\", \"presence_class\": \"-\"}, {\"name\": \"Егор\", \"surname\": \"Дудник\", \"id_student\": 41, \"patronymic\": \"Витальевич\", \"presence_class\": \"-\"}, {\"name\": \"Дмитрий\", \"surname\": \"Лунев\", \"id_student\": 42, \"patronymic\": \"Сергеевич\", \"presence_class\": \"-\"}, {\"name\": \"Мирослав\", \"surname\": \"Павленко\", \"id_student\": 43, \"patronymic\": \"Сергеевич\", \"presence_class\": \"-\"}, {\"name\": \"Алексей\", \"surname\": \"Пушкарь\", \"id_student\": 44, \"patronymic\": \"Дмитриевич\", \"presence_class\": \"-\"}, {\"name\": \"Леонид\", \"surname\": \"Сыгинь\", \"id_student\": 45, \"patronymic\": \"Ярославович\", \"presence_class\": \"-\"}, {\"name\": \"Максим\", \"surname\": \"Шевцов\", \"id_student\": 46, \"patronymic\": \"Викторович\", \"presence_class\": \"-\"}, {\"name\": \"Марк\", \"surname\": \"Яковлев\", \"id_student\": 47, \"patronymic\": \"Юрьевич\", \"presence_class\": \"-\"}, {\"name\": \"Георгий\", \"surname\": \"Ткаченко\", \"id_student\": 48, \"patronymic\": \"Александрович\", \"presence_class\": \"-\"}]}]}',NULL),(257,136,2,'{\"tasks\": [{\"folder\": \"disciplines/id23Disciplina1_20230517_160849/id22Potok1_20230517_162857/tasks/id51task/id2group\", \"array_students\": [{\"date\": null, \"name\": \"Владислав\", \"score\": null, \"folder\": \"disciplines/id23Disciplina1_20230517_160849/id22Potok1_20230517_162857/tasks/id51task/id2group/id31Babichev\", \"surname\": \"Бабичев\", \"id_student\": 31, \"id_teacher\": null, \"patronymic\": \"Александрович\", \"type_execution\": \"назначено\", \"id_type_execution\": 1}, {\"date\": null, \"name\": \"Илья\", \"score\": null, \"folder\": \"disciplines/id23Disciplina1_20230517_160849/id22Potok1_20230517_162857/tasks/id51task/id2group/id32Geyvandov\", \"surname\": \"Гейвандов\", \"id_student\": 32, \"id_teacher\": null, \"patronymic\": \"Романович\", \"type_execution\": \"назначено\", \"id_type_execution\": 1}, {\"date\": null, \"name\": \"Владимир\", \"score\": null, \"folder\": \"disciplines/id23Disciplina1_20230517_160849/id22Potok1_20230517_162857/tasks/id51task/id2group/id33Karpovich\", \"surname\": \"Карпович\", \"id_student\": 33, \"id_teacher\": null, \"patronymic\": \"Дмитриевич\", \"type_execution\": \"назначено\", \"id_type_execution\": 1}, {\"date\": null, \"name\": \"Данил\", \"score\": null, \"folder\": \"disciplines/id23Disciplina1_20230517_160849/id22Potok1_20230517_162857/tasks/id51task/id2group/id34Klyuyko\", \"surname\": \"Клюйко\", \"id_student\": 34, \"id_teacher\": null, \"patronymic\": \"Андреевич\", \"type_execution\": \"назначено\", \"id_type_execution\": 1}, {\"date\": null, \"name\": \"Виктор\", \"score\": null, \"folder\": \"disciplines/id23Disciplina1_20230517_160849/id22Potok1_20230517_162857/tasks/id51task/id2group/id35Lisichenko\", \"surname\": \"Лисиченко\", \"id_student\": 35, \"id_teacher\": null, \"patronymic\": \"Тимофеевич\", \"type_execution\": \"назначено\", \"id_type_execution\": 1}, {\"date\": null, \"name\": \"Владислав\", \"score\": null, \"folder\": \"disciplines/id23Disciplina1_20230517_160849/id22Potok1_20230517_162857/tasks/id51task/id2group/id36Morgunov\", \"surname\": \"Моргунов\", \"id_student\": 36, \"id_teacher\": null, \"patronymic\": \"Дмитриевич\", \"type_execution\": \"назначено\", \"id_type_execution\": 1}, {\"date\": null, \"name\": \"Богдан\", \"score\": null, \"folder\": \"disciplines/id23Disciplina1_20230517_160849/id22Potok1_20230517_162857/tasks/id51task/id2group/id37Shnyra\", \"surname\": \"Шныра\", \"id_student\": 37, \"id_teacher\": null, \"patronymic\": \"Олегович\", \"type_execution\": \"назначено\", \"id_type_execution\": 1}, {\"date\": null, \"name\": \"Игорь\", \"score\": null, \"folder\": \"disciplines/id23Disciplina1_20230517_160849/id22Potok1_20230517_162857/tasks/id51task/id2group/id38Agarkov\", \"surname\": \"Агарков\", \"id_student\": 38, \"id_teacher\": null, \"patronymic\": \"Анатольевич\", \"type_execution\": \"назначено\", \"id_type_execution\": 1}], \"topic_material\": \"задание1\", \"id_educat_material\": 51}, {\"folder\": \"disciplines/id23Disciplina1_20230517_160849/id22Potok1_20230517_162857/tasks/id52task/id2group\", \"array_students\": [{\"date\": null, \"name\": \"Владислав\", \"score\": null, \"folder\": \"disciplines/id23Disciplina1_20230517_160849/id22Potok1_20230517_162857/tasks/id52task/id2group/id31Babichev\", \"surname\": \"Бабичев\", \"id_student\": 31, \"id_teacher\": null, \"patronymic\": \"Александрович\", \"type_execution\": \"назначено\", \"id_type_execution\": 1}, {\"date\": null, \"name\": \"Илья\", \"score\": null, \"folder\": \"disciplines/id23Disciplina1_20230517_160849/id22Potok1_20230517_162857/tasks/id52task/id2group/id32Geyvandov\", \"surname\": \"Гейвандов\", \"id_student\": 32, \"id_teacher\": null, \"patronymic\": \"Романович\", \"type_execution\": \"назначено\", \"id_type_execution\": 1}, {\"date\": null, \"name\": \"Владимир\", \"score\": null, \"folder\": \"disciplines/id23Disciplina1_20230517_160849/id22Potok1_20230517_162857/tasks/id52task/id2group/id33Karpovich\", \"surname\": \"Карпович\", \"id_student\": 33, \"id_teacher\": null, \"patronymic\": \"Дмитриевич\", \"type_execution\": \"назначено\", \"id_type_execution\": 1}, {\"date\": null, \"name\": \"Данил\", \"score\": null, \"folder\": \"disciplines/id23Disciplina1_20230517_160849/id22Potok1_20230517_162857/tasks/id52task/id2group/id34Klyuyko\", \"surname\": \"Клюйко\", \"id_student\": 34, \"id_teacher\": null, \"patronymic\": \"Андреевич\", \"type_execution\": \"назначено\", \"id_type_execution\": 1}, {\"date\": null, \"name\": \"Виктор\", \"score\": null, \"folder\": \"disciplines/id23Disciplina1_20230517_160849/id22Potok1_20230517_162857/tasks/id52task/id2group/id35Lisichenko\", \"surname\": \"Лисиченко\", \"id_student\": 35, \"id_teacher\": null, \"patronymic\": \"Тимофеевич\", \"type_execution\": \"назначено\", \"id_type_execution\": 1}, {\"date\": null, \"name\": \"Владислав\", \"score\": null, \"folder\": \"disciplines/id23Disciplina1_20230517_160849/id22Potok1_20230517_162857/tasks/id52task/id2group/id36Morgunov\", \"surname\": \"Моргунов\", \"id_student\": 36, \"id_teacher\": null, \"patronymic\": \"Дмитриевич\", \"type_execution\": \"назначено\", \"id_type_execution\": 1}, {\"date\": null, \"name\": \"Богдан\", \"score\": null, \"folder\": \"disciplines/id23Disciplina1_20230517_160849/id22Potok1_20230517_162857/tasks/id52task/id2group/id37Shnyra\", \"surname\": \"Шныра\", \"id_student\": 37, \"id_teacher\": null, \"patronymic\": \"Олегович\", \"type_execution\": \"назначено\", \"id_type_execution\": 1}, {\"date\": null, \"name\": \"Игорь\", \"score\": null, \"folder\": \"disciplines/id23Disciplina1_20230517_160849/id22Potok1_20230517_162857/tasks/id52task/id2group/id38Agarkov\", \"surname\": \"Агарков\", \"id_student\": 38, \"id_teacher\": null, \"patronymic\": \"Анатольевич\", \"type_execution\": \"назначено\", \"id_type_execution\": 1}], \"topic_material\": \"задание2\", \"id_educat_material\": 52}, {\"folder\": \"disciplines/id23Disciplina1_20230517_160849/id22Potok1_20230517_162857/tasks/id53task/id2group\", \"array_students\": [{\"date\": null, \"name\": \"Владислав\", \"score\": null, \"folder\": \"disciplines/id23Disciplina1_20230517_160849/id22Potok1_20230517_162857/tasks/id53task/id2group/id31Babichev\", \"surname\": \"Бабичев\", \"id_student\": 31, \"id_teacher\": null, \"patronymic\": \"Александрович\", \"type_execution\": \"назначено\", \"id_type_execution\": 1}, {\"date\": null, \"name\": \"Илья\", \"score\": null, \"folder\": \"disciplines/id23Disciplina1_20230517_160849/id22Potok1_20230517_162857/tasks/id53task/id2group/id32Geyvandov\", \"surname\": \"Гейвандов\", \"id_student\": 32, \"id_teacher\": null, \"patronymic\": \"Романович\", \"type_execution\": \"назначено\", \"id_type_execution\": 1}, {\"date\": null, \"name\": \"Владимир\", \"score\": null, \"folder\": \"disciplines/id23Disciplina1_20230517_160849/id22Potok1_20230517_162857/tasks/id53task/id2group/id33Karpovich\", \"surname\": \"Карпович\", \"id_student\": 33, \"id_teacher\": null, \"patronymic\": \"Дмитриевич\", \"type_execution\": \"назначено\", \"id_type_execution\": 1}, {\"date\": null, \"name\": \"Данил\", \"score\": null, \"folder\": \"disciplines/id23Disciplina1_20230517_160849/id22Potok1_20230517_162857/tasks/id53task/id2group/id34Klyuyko\", \"surname\": \"Клюйко\", \"id_student\": 34, \"id_teacher\": null, \"patronymic\": \"Андреевич\", \"type_execution\": \"назначено\", \"id_type_execution\": 1}, {\"date\": null, \"name\": \"Виктор\", \"score\": null, \"folder\": \"disciplines/id23Disciplina1_20230517_160849/id22Potok1_20230517_162857/tasks/id53task/id2group/id35Lisichenko\", \"surname\": \"Лисиченко\", \"id_student\": 35, \"id_teacher\": null, \"patronymic\": \"Тимофеевич\", \"type_execution\": \"назначено\", \"id_type_execution\": 1}, {\"date\": null, \"name\": \"Владислав\", \"score\": null, \"folder\": \"disciplines/id23Disciplina1_20230517_160849/id22Potok1_20230517_162857/tasks/id53task/id2group/id36Morgunov\", \"surname\": \"Моргунов\", \"id_student\": 36, \"id_teacher\": null, \"patronymic\": \"Дмитриевич\", \"type_execution\": \"назначено\", \"id_type_execution\": 1}, {\"date\": null, \"name\": \"Богдан\", \"score\": null, \"folder\": \"disciplines/id23Disciplina1_20230517_160849/id22Potok1_20230517_162857/tasks/id53task/id2group/id37Shnyra\", \"surname\": \"Шныра\", \"id_student\": 37, \"id_teacher\": null, \"patronymic\": \"Олегович\", \"type_execution\": \"назначено\", \"id_type_execution\": 1}, {\"date\": null, \"name\": \"Игорь\", \"score\": null, \"folder\": \"disciplines/id23Disciplina1_20230517_160849/id22Potok1_20230517_162857/tasks/id53task/id2group/id38Agarkov\", \"surname\": \"Агарков\", \"id_student\": 38, \"id_teacher\": null, \"patronymic\": \"Анатольевич\", \"type_execution\": \"назначено\", \"id_type_execution\": 1}], \"topic_material\": \"задание3\", \"id_educat_material\": 53}], \"header\": \"Лабораторные\", \"name_group\": \"ИСТ-19б\", \"other_types_control\": {\"header\": \"Другие виды контроля\", \"other_tasks\": [{\"name_control\": \" дефолтное задание1\", \"array_students\": [{\"date\": null, \"name\": \"Владислав\", \"score\": null, \"surname\": \"Бабичев\", \"id_student\": 31, \"patronymic\": \"Александрович\"}, {\"date\": null, \"name\": \"Илья\", \"score\": null, \"surname\": \"Гейвандов\", \"id_student\": 32, \"patronymic\": \"Романович\"}, {\"date\": null, \"name\": \"Владимир\", \"score\": null, \"surname\": \"Карпович\", \"id_student\": 33, \"patronymic\": \"Дмитриевич\"}, {\"date\": null, \"name\": \"Данил\", \"score\": null, \"surname\": \"Клюйко\", \"id_student\": 34, \"patronymic\": \"Андреевич\"}, {\"date\": null, \"name\": \"Виктор\", \"score\": null, \"surname\": \"Лисиченко\", \"id_student\": 35, \"patronymic\": \"Тимофеевич\"}, {\"date\": null, \"name\": \"Владислав\", \"score\": null, \"surname\": \"Моргунов\", \"id_student\": 36, \"patronymic\": \"Дмитриевич\"}, {\"date\": null, \"name\": \"Богдан\", \"score\": null, \"surname\": \"Шныра\", \"id_student\": 37, \"patronymic\": \"Олегович\"}, {\"date\": null, \"name\": \"Игорь\", \"score\": null, \"surname\": \"Агарков\", \"id_student\": 38, \"patronymic\": \"Анатольевич\"}]}]}, \"Control_educational_process\": {\"header\": \"Контроль учебно-воспитательного процесса\", \"passes\": {\"subhead\": \"Пропуски\", \"array_students\": [{\"date\": null, \"name\": \"Владислав\", \"count\": null, \"surname\": \"Бабичев\", \"id_student\": 31, \"patronymic\": \"Александрович\"}, {\"date\": null, \"name\": \"Илья\", \"count\": null, \"surname\": \"Гейвандов\", \"id_student\": 32, \"patronymic\": \"Романович\"}, {\"date\": null, \"name\": \"Владимир\", \"count\": null, \"surname\": \"Карпович\", \"id_student\": 33, \"patronymic\": \"Дмитриевич\"}, {\"date\": null, \"name\": \"Данил\", \"count\": null, \"surname\": \"Клюйко\", \"id_student\": 34, \"patronymic\": \"Андреевич\"}, {\"date\": null, \"name\": \"Виктор\", \"count\": null, \"surname\": \"Лисиченко\", \"id_student\": 35, \"patronymic\": \"Тимофеевич\"}, {\"date\": null, \"name\": \"Владислав\", \"count\": null, \"surname\": \"Моргунов\", \"id_student\": 36, \"patronymic\": \"Дмитриевич\"}, {\"date\": null, \"name\": \"Богдан\", \"count\": null, \"surname\": \"Шныра\", \"id_student\": 37, \"patronymic\": \"Олегович\"}, {\"date\": null, \"name\": \"Игорь\", \"count\": null, \"surname\": \"Агарков\", \"id_student\": 38, \"patronymic\": \"Анатольевич\"}]}, \"intersessional_control\": {\"subhead\": \"МСК\", \"array_students\": [{\"date\": null, \"name\": \"Владислав\", \"passage\": null, \"surname\": \"Бабичев\", \"id_student\": 31, \"patronymic\": \"Александрович\"}, {\"date\": null, \"name\": \"Илья\", \"passage\": null, \"surname\": \"Гейвандов\", \"id_student\": 32, \"patronymic\": \"Романович\"}, {\"date\": null, \"name\": \"Владимир\", \"passage\": null, \"surname\": \"Карпович\", \"id_student\": 33, \"patronymic\": \"Дмитриевич\"}, {\"date\": null, \"name\": \"Данил\", \"passage\": null, \"surname\": \"Клюйко\", \"id_student\": 34, \"patronymic\": \"Андреевич\"}, {\"date\": null, \"name\": \"Виктор\", \"passage\": null, \"surname\": \"Лисиченко\", \"id_student\": 35, \"patronymic\": \"Тимофеевич\"}, {\"date\": null, \"name\": \"Владислав\", \"passage\": null, \"surname\": \"Моргунов\", \"id_student\": 36, \"patronymic\": \"Дмитриевич\"}, {\"date\": null, \"name\": \"Богдан\", \"passage\": null, \"surname\": \"Шныра\", \"id_student\": 37, \"patronymic\": \"Олегович\"}, {\"date\": null, \"name\": \"Игорь\", \"passage\": null, \"surname\": \"Агарков\", \"id_student\": 38, \"patronymic\": \"Анатольевич\"}]}}, \"Results_control_educational_process\": {\"exam\": {\"subhead\": \"Экзамен\", \"array_students\": [{\"date\": null, \"name\": \"Владислав\", \"score\": null, \"surname\": \"Бабичев\", \"id_student\": 31, \"patronymic\": \"Александрович\"}, {\"date\": null, \"name\": \"Илья\", \"score\": null, \"surname\": \"Гейвандов\", \"id_student\": 32, \"patronymic\": \"Романович\"}, {\"date\": null, \"name\": \"Владимир\", \"score\": null, \"surname\": \"Карпович\", \"id_student\": 33, \"patronymic\": \"Дмитриевич\"}, {\"date\": null, \"name\": \"Данил\", \"score\": null, \"surname\": \"Клюйко\", \"id_student\": 34, \"patronymic\": \"Андреевич\"}, {\"date\": null, \"name\": \"Виктор\", \"score\": null, \"surname\": \"Лисиченко\", \"id_student\": 35, \"patronymic\": \"Тимофеевич\"}, {\"date\": null, \"name\": \"Владислав\", \"score\": null, \"surname\": \"Моргунов\", \"id_student\": 36, \"patronymic\": \"Дмитриевич\"}, {\"date\": null, \"name\": \"Богдан\", \"score\": null, \"surname\": \"Шныра\", \"id_student\": 37, \"patronymic\": \"Олегович\"}, {\"date\": null, \"name\": \"Игорь\", \"score\": null, \"surname\": \"Агарков\", \"id_student\": 38, \"patronymic\": \"Анатольевич\"}]}, \"header\": \"Итоги контроля учебно-воспитательного процесса\", \"offset\": {\"subhead\": \"Зачет\", \"array_students\": [{\"date\": null, \"name\": \"Владислав\", \"score\": null, \"surname\": \"Бабичев\", \"id_student\": 31, \"patronymic\": \"Александрович\"}, {\"date\": null, \"name\": \"Илья\", \"score\": null, \"surname\": \"Гейвандов\", \"id_student\": 32, \"patronymic\": \"Романович\"}, {\"date\": null, \"name\": \"Владимир\", \"score\": null, \"surname\": \"Карпович\", \"id_student\": 33, \"patronymic\": \"Дмитриевич\"}, {\"date\": null, \"name\": \"Данил\", \"score\": null, \"surname\": \"Клюйко\", \"id_student\": 34, \"patronymic\": \"Андреевич\"}, {\"date\": null, \"name\": \"Виктор\", \"score\": null, \"surname\": \"Лисиченко\", \"id_student\": 35, \"patronymic\": \"Тимофеевич\"}, {\"date\": null, \"name\": \"Владислав\", \"score\": null, \"surname\": \"Моргунов\", \"id_student\": 36, \"patronymic\": \"Дмитриевич\"}, {\"date\": null, \"name\": \"Богдан\", \"score\": null, \"surname\": \"Шныра\", \"id_student\": 37, \"patronymic\": \"Олегович\"}, {\"date\": null, \"name\": \"Игорь\", \"score\": null, \"surname\": \"Агарков\", \"id_student\": 38, \"patronymic\": \"Анатольевич\"}]}}}',NULL),(258,136,3,'{\"tasks\": [{\"folder\": \"disciplines/id23Disciplina1_20230517_160849/id22Potok1_20230517_162857/tasks/id51task/id3group\", \"array_students\": [{\"date\": null, \"name\": \"Виталий\", \"score\": null, \"folder\": \"disciplines/id23Disciplina1_20230517_160849/id22Potok1_20230517_162857/tasks/id51task/id3group/id39Brazhnikov\", \"surname\": \"Бражников\", \"id_student\": 39, \"id_teacher\": null, \"patronymic\": \"Андреевич\", \"type_execution\": \"назначено\", \"id_type_execution\": 1}, {\"date\": null, \"name\": \"Денис\", \"score\": null, \"folder\": \"disciplines/id23Disciplina1_20230517_160849/id22Potok1_20230517_162857/tasks/id51task/id3group/id40Dvornikov\", \"surname\": \"Дворников\", \"id_student\": 40, \"id_teacher\": null, \"patronymic\": \"Евгеньевич\", \"type_execution\": \"назначено\", \"id_type_execution\": 1}, {\"date\": null, \"name\": \"Егор\", \"score\": null, \"folder\": \"disciplines/id23Disciplina1_20230517_160849/id22Potok1_20230517_162857/tasks/id51task/id3group/id41Dudnik\", \"surname\": \"Дудник\", \"id_student\": 41, \"id_teacher\": null, \"patronymic\": \"Витальевич\", \"type_execution\": \"назначено\", \"id_type_execution\": 1}, {\"date\": null, \"name\": \"Дмитрий\", \"score\": null, \"folder\": \"disciplines/id23Disciplina1_20230517_160849/id22Potok1_20230517_162857/tasks/id51task/id3group/id42Lunev\", \"surname\": \"Лунев\", \"id_student\": 42, \"id_teacher\": null, \"patronymic\": \"Сергеевич\", \"type_execution\": \"назначено\", \"id_type_execution\": 1}, {\"date\": null, \"name\": \"Мирослав\", \"score\": null, \"folder\": \"disciplines/id23Disciplina1_20230517_160849/id22Potok1_20230517_162857/tasks/id51task/id3group/id43Pavlenko\", \"surname\": \"Павленко\", \"id_student\": 43, \"id_teacher\": null, \"patronymic\": \"Сергеевич\", \"type_execution\": \"назначено\", \"id_type_execution\": 1}, {\"date\": null, \"name\": \"Алексей\", \"score\": null, \"folder\": \"disciplines/id23Disciplina1_20230517_160849/id22Potok1_20230517_162857/tasks/id51task/id3group/id44Pushkar\", \"surname\": \"Пушкарь\", \"id_student\": 44, \"id_teacher\": null, \"patronymic\": \"Дмитриевич\", \"type_execution\": \"назначено\", \"id_type_execution\": 1}, {\"date\": null, \"name\": \"Леонид\", \"score\": null, \"folder\": \"disciplines/id23Disciplina1_20230517_160849/id22Potok1_20230517_162857/tasks/id51task/id3group/id45Sygin\", \"surname\": \"Сыгинь\", \"id_student\": 45, \"id_teacher\": null, \"patronymic\": \"Ярославович\", \"type_execution\": \"назначено\", \"id_type_execution\": 1}, {\"date\": null, \"name\": \"Максим\", \"score\": null, \"folder\": \"disciplines/id23Disciplina1_20230517_160849/id22Potok1_20230517_162857/tasks/id51task/id3group/id46Shevcov\", \"surname\": \"Шевцов\", \"id_student\": 46, \"id_teacher\": null, \"patronymic\": \"Викторович\", \"type_execution\": \"назначено\", \"id_type_execution\": 1}, {\"date\": null, \"name\": \"Марк\", \"score\": null, \"folder\": \"disciplines/id23Disciplina1_20230517_160849/id22Potok1_20230517_162857/tasks/id51task/id3group/id47Yakovlev\", \"surname\": \"Яковлев\", \"id_student\": 47, \"id_teacher\": null, \"patronymic\": \"Юрьевич\", \"type_execution\": \"назначено\", \"id_type_execution\": 1}, {\"date\": null, \"name\": \"Георгий\", \"score\": null, \"folder\": \"disciplines/id23Disciplina1_20230517_160849/id22Potok1_20230517_162857/tasks/id51task/id3group/id48Tkachenko\", \"surname\": \"Ткаченко\", \"id_student\": 48, \"id_teacher\": null, \"patronymic\": \"Александрович\", \"type_execution\": \"назначено\", \"id_type_execution\": 1}], \"topic_material\": \"задание1\", \"id_educat_material\": 51}, {\"folder\": \"disciplines/id23Disciplina1_20230517_160849/id22Potok1_20230517_162857/tasks/id52task/id3group\", \"array_students\": [{\"date\": null, \"name\": \"Виталий\", \"score\": null, \"folder\": \"disciplines/id23Disciplina1_20230517_160849/id22Potok1_20230517_162857/tasks/id52task/id3group/id39Brazhnikov\", \"surname\": \"Бражников\", \"id_student\": 39, \"id_teacher\": null, \"patronymic\": \"Андреевич\", \"type_execution\": \"назначено\", \"id_type_execution\": 1}, {\"date\": null, \"name\": \"Денис\", \"score\": null, \"folder\": \"disciplines/id23Disciplina1_20230517_160849/id22Potok1_20230517_162857/tasks/id52task/id3group/id40Dvornikov\", \"surname\": \"Дворников\", \"id_student\": 40, \"id_teacher\": null, \"patronymic\": \"Евгеньевич\", \"type_execution\": \"назначено\", \"id_type_execution\": 1}, {\"date\": null, \"name\": \"Егор\", \"score\": null, \"folder\": \"disciplines/id23Disciplina1_20230517_160849/id22Potok1_20230517_162857/tasks/id52task/id3group/id41Dudnik\", \"surname\": \"Дудник\", \"id_student\": 41, \"id_teacher\": null, \"patronymic\": \"Витальевич\", \"type_execution\": \"назначено\", \"id_type_execution\": 1}, {\"date\": null, \"name\": \"Дмитрий\", \"score\": null, \"folder\": \"disciplines/id23Disciplina1_20230517_160849/id22Potok1_20230517_162857/tasks/id52task/id3group/id42Lunev\", \"surname\": \"Лунев\", \"id_student\": 42, \"id_teacher\": null, \"patronymic\": \"Сергеевич\", \"type_execution\": \"назначено\", \"id_type_execution\": 1}, {\"date\": null, \"name\": \"Мирослав\", \"score\": null, \"folder\": \"disciplines/id23Disciplina1_20230517_160849/id22Potok1_20230517_162857/tasks/id52task/id3group/id43Pavlenko\", \"surname\": \"Павленко\", \"id_student\": 43, \"id_teacher\": null, \"patronymic\": \"Сергеевич\", \"type_execution\": \"назначено\", \"id_type_execution\": 1}, {\"date\": null, \"name\": \"Алексей\", \"score\": null, \"folder\": \"disciplines/id23Disciplina1_20230517_160849/id22Potok1_20230517_162857/tasks/id52task/id3group/id44Pushkar\", \"surname\": \"Пушкарь\", \"id_student\": 44, \"id_teacher\": null, \"patronymic\": \"Дмитриевич\", \"type_execution\": \"назначено\", \"id_type_execution\": 1}, {\"date\": null, \"name\": \"Леонид\", \"score\": null, \"folder\": \"disciplines/id23Disciplina1_20230517_160849/id22Potok1_20230517_162857/tasks/id52task/id3group/id45Sygin\", \"surname\": \"Сыгинь\", \"id_student\": 45, \"id_teacher\": null, \"patronymic\": \"Ярославович\", \"type_execution\": \"назначено\", \"id_type_execution\": 1}, {\"date\": null, \"name\": \"Максим\", \"score\": null, \"folder\": \"disciplines/id23Disciplina1_20230517_160849/id22Potok1_20230517_162857/tasks/id52task/id3group/id46Shevcov\", \"surname\": \"Шевцов\", \"id_student\": 46, \"id_teacher\": null, \"patronymic\": \"Викторович\", \"type_execution\": \"назначено\", \"id_type_execution\": 1}, {\"date\": null, \"name\": \"Марк\", \"score\": null, \"folder\": \"disciplines/id23Disciplina1_20230517_160849/id22Potok1_20230517_162857/tasks/id52task/id3group/id47Yakovlev\", \"surname\": \"Яковлев\", \"id_student\": 47, \"id_teacher\": null, \"patronymic\": \"Юрьевич\", \"type_execution\": \"назначено\", \"id_type_execution\": 1}, {\"date\": null, \"name\": \"Георгий\", \"score\": null, \"folder\": \"disciplines/id23Disciplina1_20230517_160849/id22Potok1_20230517_162857/tasks/id52task/id3group/id48Tkachenko\", \"surname\": \"Ткаченко\", \"id_student\": 48, \"id_teacher\": null, \"patronymic\": \"Александрович\", \"type_execution\": \"назначено\", \"id_type_execution\": 1}], \"topic_material\": \"задание2\", \"id_educat_material\": 52}, {\"folder\": \"disciplines/id23Disciplina1_20230517_160849/id22Potok1_20230517_162857/tasks/id53task/id3group\", \"array_students\": [{\"date\": null, \"name\": \"Виталий\", \"score\": null, \"folder\": \"disciplines/id23Disciplina1_20230517_160849/id22Potok1_20230517_162857/tasks/id53task/id3group/id39Brazhnikov\", \"surname\": \"Бражников\", \"id_student\": 39, \"id_teacher\": null, \"patronymic\": \"Андреевич\", \"type_execution\": \"назначено\", \"id_type_execution\": 1}, {\"date\": null, \"name\": \"Денис\", \"score\": null, \"folder\": \"disciplines/id23Disciplina1_20230517_160849/id22Potok1_20230517_162857/tasks/id53task/id3group/id40Dvornikov\", \"surname\": \"Дворников\", \"id_student\": 40, \"id_teacher\": null, \"patronymic\": \"Евгеньевич\", \"type_execution\": \"назначено\", \"id_type_execution\": 1}, {\"date\": null, \"name\": \"Егор\", \"score\": null, \"folder\": \"disciplines/id23Disciplina1_20230517_160849/id22Potok1_20230517_162857/tasks/id53task/id3group/id41Dudnik\", \"surname\": \"Дудник\", \"id_student\": 41, \"id_teacher\": null, \"patronymic\": \"Витальевич\", \"type_execution\": \"назначено\", \"id_type_execution\": 1}, {\"date\": null, \"name\": \"Дмитрий\", \"score\": null, \"folder\": \"disciplines/id23Disciplina1_20230517_160849/id22Potok1_20230517_162857/tasks/id53task/id3group/id42Lunev\", \"surname\": \"Лунев\", \"id_student\": 42, \"id_teacher\": null, \"patronymic\": \"Сергеевич\", \"type_execution\": \"назначено\", \"id_type_execution\": 1}, {\"date\": null, \"name\": \"Мирослав\", \"score\": null, \"folder\": \"disciplines/id23Disciplina1_20230517_160849/id22Potok1_20230517_162857/tasks/id53task/id3group/id43Pavlenko\", \"surname\": \"Павленко\", \"id_student\": 43, \"id_teacher\": null, \"patronymic\": \"Сергеевич\", \"type_execution\": \"назначено\", \"id_type_execution\": 1}, {\"date\": null, \"name\": \"Алексей\", \"score\": null, \"folder\": \"disciplines/id23Disciplina1_20230517_160849/id22Potok1_20230517_162857/tasks/id53task/id3group/id44Pushkar\", \"surname\": \"Пушкарь\", \"id_student\": 44, \"id_teacher\": null, \"patronymic\": \"Дмитриевич\", \"type_execution\": \"назначено\", \"id_type_execution\": 1}, {\"date\": null, \"name\": \"Леонид\", \"score\": null, \"folder\": \"disciplines/id23Disciplina1_20230517_160849/id22Potok1_20230517_162857/tasks/id53task/id3group/id45Sygin\", \"surname\": \"Сыгинь\", \"id_student\": 45, \"id_teacher\": null, \"patronymic\": \"Ярославович\", \"type_execution\": \"назначено\", \"id_type_execution\": 1}, {\"date\": null, \"name\": \"Максим\", \"score\": null, \"folder\": \"disciplines/id23Disciplina1_20230517_160849/id22Potok1_20230517_162857/tasks/id53task/id3group/id46Shevcov\", \"surname\": \"Шевцов\", \"id_student\": 46, \"id_teacher\": null, \"patronymic\": \"Викторович\", \"type_execution\": \"назначено\", \"id_type_execution\": 1}, {\"date\": null, \"name\": \"Марк\", \"score\": null, \"folder\": \"disciplines/id23Disciplina1_20230517_160849/id22Potok1_20230517_162857/tasks/id53task/id3group/id47Yakovlev\", \"surname\": \"Яковлев\", \"id_student\": 47, \"id_teacher\": null, \"patronymic\": \"Юрьевич\", \"type_execution\": \"назначено\", \"id_type_execution\": 1}, {\"date\": null, \"name\": \"Георгий\", \"score\": null, \"folder\": \"disciplines/id23Disciplina1_20230517_160849/id22Potok1_20230517_162857/tasks/id53task/id3group/id48Tkachenko\", \"surname\": \"Ткаченко\", \"id_student\": 48, \"id_teacher\": null, \"patronymic\": \"Александрович\", \"type_execution\": \"назначено\", \"id_type_execution\": 1}], \"topic_material\": \"задание3\", \"id_educat_material\": 53}], \"header\": \"Лабораторные\", \"name_group\": \"АСУ-19\", \"other_types_control\": {\"header\": \"Другие виды контроля\", \"other_tasks\": [{\"name_control\": \" дефолтное задание1\", \"array_students\": [{\"date\": null, \"name\": \"Виталий\", \"score\": null, \"surname\": \"Бражников\", \"id_student\": 39, \"patronymic\": \"Андреевич\"}, {\"date\": null, \"name\": \"Денис\", \"score\": null, \"surname\": \"Дворников\", \"id_student\": 40, \"patronymic\": \"Евгеньевич\"}, {\"date\": null, \"name\": \"Егор\", \"score\": null, \"surname\": \"Дудник\", \"id_student\": 41, \"patronymic\": \"Витальевич\"}, {\"date\": null, \"name\": \"Дмитрий\", \"score\": null, \"surname\": \"Лунев\", \"id_student\": 42, \"patronymic\": \"Сергеевич\"}, {\"date\": null, \"name\": \"Мирослав\", \"score\": null, \"surname\": \"Павленко\", \"id_student\": 43, \"patronymic\": \"Сергеевич\"}, {\"date\": null, \"name\": \"Алексей\", \"score\": null, \"surname\": \"Пушкарь\", \"id_student\": 44, \"patronymic\": \"Дмитриевич\"}, {\"date\": null, \"name\": \"Леонид\", \"score\": null, \"surname\": \"Сыгинь\", \"id_student\": 45, \"patronymic\": \"Ярославович\"}, {\"date\": null, \"name\": \"Максим\", \"score\": null, \"surname\": \"Шевцов\", \"id_student\": 46, \"patronymic\": \"Викторович\"}, {\"date\": null, \"name\": \"Марк\", \"score\": null, \"surname\": \"Яковлев\", \"id_student\": 47, \"patronymic\": \"Юрьевич\"}, {\"date\": null, \"name\": \"Георгий\", \"score\": null, \"surname\": \"Ткаченко\", \"id_student\": 48, \"patronymic\": \"Александрович\"}]}]}, \"Control_educational_process\": {\"header\": \"Контроль учебно-воспитательного процесса\", \"passes\": {\"subhead\": \"Пропуски\", \"array_students\": [{\"date\": null, \"name\": \"Виталий\", \"count\": null, \"surname\": \"Бражников\", \"id_student\": 39, \"patronymic\": \"Андреевич\"}, {\"date\": null, \"name\": \"Денис\", \"count\": null, \"surname\": \"Дворников\", \"id_student\": 40, \"patronymic\": \"Евгеньевич\"}, {\"date\": null, \"name\": \"Егор\", \"count\": null, \"surname\": \"Дудник\", \"id_student\": 41, \"patronymic\": \"Витальевич\"}, {\"date\": null, \"name\": \"Дмитрий\", \"count\": null, \"surname\": \"Лунев\", \"id_student\": 42, \"patronymic\": \"Сергеевич\"}, {\"date\": null, \"name\": \"Мирослав\", \"count\": null, \"surname\": \"Павленко\", \"id_student\": 43, \"patronymic\": \"Сергеевич\"}, {\"date\": null, \"name\": \"Алексей\", \"count\": null, \"surname\": \"Пушкарь\", \"id_student\": 44, \"patronymic\": \"Дмитриевич\"}, {\"date\": null, \"name\": \"Леонид\", \"count\": null, \"surname\": \"Сыгинь\", \"id_student\": 45, \"patronymic\": \"Ярославович\"}, {\"date\": null, \"name\": \"Максим\", \"count\": null, \"surname\": \"Шевцов\", \"id_student\": 46, \"patronymic\": \"Викторович\"}, {\"date\": null, \"name\": \"Марк\", \"count\": null, \"surname\": \"Яковлев\", \"id_student\": 47, \"patronymic\": \"Юрьевич\"}, {\"date\": null, \"name\": \"Георгий\", \"count\": null, \"surname\": \"Ткаченко\", \"id_student\": 48, \"patronymic\": \"Александрович\"}]}, \"intersessional_control\": {\"subhead\": \"МСК\", \"array_students\": [{\"date\": null, \"name\": \"Виталий\", \"passage\": null, \"surname\": \"Бражников\", \"id_student\": 39, \"patronymic\": \"Андреевич\"}, {\"date\": null, \"name\": \"Денис\", \"passage\": null, \"surname\": \"Дворников\", \"id_student\": 40, \"patronymic\": \"Евгеньевич\"}, {\"date\": null, \"name\": \"Егор\", \"passage\": null, \"surname\": \"Дудник\", \"id_student\": 41, \"patronymic\": \"Витальевич\"}, {\"date\": null, \"name\": \"Дмитрий\", \"passage\": null, \"surname\": \"Лунев\", \"id_student\": 42, \"patronymic\": \"Сергеевич\"}, {\"date\": null, \"name\": \"Мирослав\", \"passage\": null, \"surname\": \"Павленко\", \"id_student\": 43, \"patronymic\": \"Сергеевич\"}, {\"date\": null, \"name\": \"Алексей\", \"passage\": null, \"surname\": \"Пушкарь\", \"id_student\": 44, \"patronymic\": \"Дмитриевич\"}, {\"date\": null, \"name\": \"Леонид\", \"passage\": null, \"surname\": \"Сыгинь\", \"id_student\": 45, \"patronymic\": \"Ярославович\"}, {\"date\": null, \"name\": \"Максим\", \"passage\": null, \"surname\": \"Шевцов\", \"id_student\": 46, \"patronymic\": \"Викторович\"}, {\"date\": null, \"name\": \"Марк\", \"passage\": null, \"surname\": \"Яковлев\", \"id_student\": 47, \"patronymic\": \"Юрьевич\"}, {\"date\": null, \"name\": \"Георгий\", \"passage\": null, \"surname\": \"Ткаченко\", \"id_student\": 48, \"patronymic\": \"Александрович\"}]}}, \"Results_control_educational_process\": {\"exam\": {\"subhead\": \"Экзамен\", \"array_students\": [{\"date\": null, \"name\": \"Виталий\", \"score\": null, \"surname\": \"Бражников\", \"id_student\": 39, \"patronymic\": \"Андреевич\"}, {\"date\": null, \"name\": \"Денис\", \"score\": null, \"surname\": \"Дворников\", \"id_student\": 40, \"patronymic\": \"Евгеньевич\"}, {\"date\": null, \"name\": \"Егор\", \"score\": null, \"surname\": \"Дудник\", \"id_student\": 41, \"patronymic\": \"Витальевич\"}, {\"date\": null, \"name\": \"Дмитрий\", \"score\": null, \"surname\": \"Лунев\", \"id_student\": 42, \"patronymic\": \"Сергеевич\"}, {\"date\": null, \"name\": \"Мирослав\", \"score\": null, \"surname\": \"Павленко\", \"id_student\": 43, \"patronymic\": \"Сергеевич\"}, {\"date\": null, \"name\": \"Алексей\", \"score\": null, \"surname\": \"Пушкарь\", \"id_student\": 44, \"patronymic\": \"Дмитриевич\"}, {\"date\": null, \"name\": \"Леонид\", \"score\": null, \"surname\": \"Сыгинь\", \"id_student\": 45, \"patronymic\": \"Ярославович\"}, {\"date\": null, \"name\": \"Максим\", \"score\": null, \"surname\": \"Шевцов\", \"id_student\": 46, \"patronymic\": \"Викторович\"}, {\"date\": null, \"name\": \"Марк\", \"score\": null, \"surname\": \"Яковлев\", \"id_student\": 47, \"patronymic\": \"Юрьевич\"}, {\"date\": null, \"name\": \"Георгий\", \"score\": null, \"surname\": \"Ткаченко\", \"id_student\": 48, \"patronymic\": \"Александрович\"}]}, \"header\": \"Итоги контроля учебно-воспитательного процесса\", \"offset\": {\"subhead\": \"Зачет\", \"array_students\": [{\"date\": null, \"name\": \"Виталий\", \"score\": null, \"surname\": \"Бражников\", \"id_student\": 39, \"patronymic\": \"Андреевич\"}, {\"date\": null, \"name\": \"Денис\", \"score\": null, \"surname\": \"Дворников\", \"id_student\": 40, \"patronymic\": \"Евгеньевич\"}, {\"date\": null, \"name\": \"Егор\", \"score\": null, \"surname\": \"Дудник\", \"id_student\": 41, \"patronymic\": \"Витальевич\"}, {\"date\": null, \"name\": \"Дмитрий\", \"score\": null, \"surname\": \"Лунев\", \"id_student\": 42, \"patronymic\": \"Сергеевич\"}, {\"date\": null, \"name\": \"Мирослав\", \"score\": null, \"surname\": \"Павленко\", \"id_student\": 43, \"patronymic\": \"Сергеевич\"}, {\"date\": null, \"name\": \"Алексей\", \"score\": null, \"surname\": \"Пушкарь\", \"id_student\": 44, \"patronymic\": \"Дмитриевич\"}, {\"date\": null, \"name\": \"Леонид\", \"score\": null, \"surname\": \"Сыгинь\", \"id_student\": 45, \"patronymic\": \"Ярославович\"}, {\"date\": null, \"name\": \"Максим\", \"score\": null, \"surname\": \"Шевцов\", \"id_student\": 46, \"patronymic\": \"Викторович\"}, {\"date\": null, \"name\": \"Марк\", \"score\": null, \"surname\": \"Яковлев\", \"id_student\": 47, \"patronymic\": \"Юрьевич\"}, {\"date\": null, \"name\": \"Георгий\", \"score\": null, \"surname\": \"Ткаченко\", \"id_student\": 48, \"patronymic\": \"Александрович\"}]}}}',NULL),(259,136,1,'{\"tasks\": [{\"folder\": \"disciplines/id23Disciplina1_20230517_160849/id22Potok1_20230517_162857/tasks/id51task/id1group\", \"array_students\": [{\"date\": null, \"name\": \"Алина\", \"score\": null, \"folder\": \"disciplines/id23Disciplina1_20230517_160849/id22Potok1_20230517_162857/tasks/id51task/id1group/id19Belaya\", \"surname\": \"Белая\", \"id_student\": 19, \"id_teacher\": null, \"patronymic\": \"Юрьевна\", \"type_execution\": \"назначено\", \"id_type_execution\": 1}, {\"date\": null, \"name\": \"Георгий\", \"score\": null, \"folder\": \"disciplines/id23Disciplina1_20230517_160849/id22Potok1_20230517_162857/tasks/id51task/id1group/id20Goik\", \"surname\": \"Гоик\", \"id_student\": 20, \"id_teacher\": null, \"patronymic\": \"Дмитриевич\", \"type_execution\": \"назначено\", \"id_type_execution\": 1}, {\"date\": null, \"name\": \"Данил\", \"score\": null, \"folder\": \"disciplines/id23Disciplina1_20230517_160849/id22Potok1_20230517_162857/tasks/id51task/id1group/id21Goncharov\", \"surname\": \"Гончаров\", \"id_student\": 21, \"id_teacher\": null, \"patronymic\": \"Дмитриевич\", \"type_execution\": \"назначено\", \"id_type_execution\": 1}, {\"date\": null, \"name\": \"Кирилл\", \"score\": null, \"folder\": \"disciplines/id23Disciplina1_20230517_160849/id22Potok1_20230517_162857/tasks/id51task/id1group/id22Derkach\", \"surname\": \"Деркач\", \"id_student\": 22, \"id_teacher\": null, \"patronymic\": \"Игоревич\", \"type_execution\": \"назначено\", \"id_type_execution\": 1}, {\"date\": null, \"name\": \"Дмитрий\", \"score\": null, \"folder\": \"disciplines/id23Disciplina1_20230517_160849/id22Potok1_20230517_162857/tasks/id51task/id1group/id23Lefterov\", \"surname\": \"Лефтеров\", \"id_student\": 23, \"id_teacher\": null, \"patronymic\": \"Дмитриевич\", \"type_execution\": \"назначено\", \"id_type_execution\": 1}, {\"date\": null, \"name\": \"Полина\", \"score\": null, \"folder\": \"disciplines/id23Disciplina1_20230517_160849/id22Potok1_20230517_162857/tasks/id51task/id1group/id24Poydenko\", \"surname\": \"Пойденко\", \"id_student\": 24, \"id_teacher\": null, \"patronymic\": \"Александровна\", \"type_execution\": \"назначено\", \"id_type_execution\": 1}, {\"date\": null, \"name\": \"Максим\", \"score\": null, \"folder\": \"disciplines/id23Disciplina1_20230517_160849/id22Potok1_20230517_162857/tasks/id51task/id1group/id25Ryadko\", \"surname\": \"Рядко\", \"id_student\": 25, \"id_teacher\": null, \"patronymic\": \"Алексеевич\", \"type_execution\": \"назначено\", \"id_type_execution\": 1}, {\"date\": null, \"name\": \"Валерия\", \"score\": null, \"folder\": \"disciplines/id23Disciplina1_20230517_160849/id22Potok1_20230517_162857/tasks/id51task/id1group/id26Savenkova\", \"surname\": \"Савенкова\", \"id_student\": 26, \"id_teacher\": null, \"patronymic\": \"Олеговна\", \"type_execution\": \"назначено\", \"id_type_execution\": 1}, {\"date\": null, \"name\": \"Артем\", \"score\": null, \"folder\": \"disciplines/id23Disciplina1_20230517_160849/id22Potok1_20230517_162857/tasks/id51task/id1group/id27Slobodyanik\", \"surname\": \"Слободяник\", \"id_student\": 27, \"id_teacher\": null, \"patronymic\": \"Игоревич\", \"type_execution\": \"назначено\", \"id_type_execution\": 1}, {\"date\": null, \"name\": \"Михаил\", \"score\": null, \"folder\": \"disciplines/id23Disciplina1_20230517_160849/id22Potok1_20230517_162857/tasks/id51task/id1group/id28Shevchenko\", \"surname\": \"Шевченко\", \"id_student\": 28, \"id_teacher\": null, \"patronymic\": \"Владимирович\", \"type_execution\": \"назначено\", \"id_type_execution\": 1}, {\"date\": null, \"name\": \"Богдан\", \"score\": null, \"folder\": \"disciplines/id23Disciplina1_20230517_160849/id22Potok1_20230517_162857/tasks/id51task/id1group/id29Shestakov\", \"surname\": \"Шестаков\", \"id_student\": 29, \"id_teacher\": null, \"patronymic\": \"Андреевич\", \"type_execution\": \"назначено\", \"id_type_execution\": 1}, {\"date\": null, \"name\": \"Артем\", \"score\": null, \"folder\": \"disciplines/id23Disciplina1_20230517_160849/id22Potok1_20230517_162857/tasks/id51task/id1group/id30Yakovchenko\", \"surname\": \"Яковченко\", \"id_student\": 30, \"id_teacher\": null, \"patronymic\": \"Александрович\", \"type_execution\": \"назначено\", \"id_type_execution\": 1}], \"topic_material\": \"задание1\", \"id_educat_material\": 51}, {\"folder\": \"disciplines/id23Disciplina1_20230517_160849/id22Potok1_20230517_162857/tasks/id52task/id1group\", \"array_students\": [{\"date\": null, \"name\": \"Алина\", \"score\": null, \"folder\": \"disciplines/id23Disciplina1_20230517_160849/id22Potok1_20230517_162857/tasks/id52task/id1group/id19Belaya\", \"surname\": \"Белая\", \"id_student\": 19, \"id_teacher\": null, \"patronymic\": \"Юрьевна\", \"type_execution\": \"назначено\", \"id_type_execution\": 1}, {\"date\": null, \"name\": \"Георгий\", \"score\": null, \"folder\": \"disciplines/id23Disciplina1_20230517_160849/id22Potok1_20230517_162857/tasks/id52task/id1group/id20Goik\", \"surname\": \"Гоик\", \"id_student\": 20, \"id_teacher\": null, \"patronymic\": \"Дмитриевич\", \"type_execution\": \"назначено\", \"id_type_execution\": 1}, {\"date\": null, \"name\": \"Данил\", \"score\": null, \"folder\": \"disciplines/id23Disciplina1_20230517_160849/id22Potok1_20230517_162857/tasks/id52task/id1group/id21Goncharov\", \"surname\": \"Гончаров\", \"id_student\": 21, \"id_teacher\": null, \"patronymic\": \"Дмитриевич\", \"type_execution\": \"назначено\", \"id_type_execution\": 1}, {\"date\": null, \"name\": \"Кирилл\", \"score\": null, \"folder\": \"disciplines/id23Disciplina1_20230517_160849/id22Potok1_20230517_162857/tasks/id52task/id1group/id22Derkach\", \"surname\": \"Деркач\", \"id_student\": 22, \"id_teacher\": null, \"patronymic\": \"Игоревич\", \"type_execution\": \"назначено\", \"id_type_execution\": 1}, {\"date\": null, \"name\": \"Дмитрий\", \"score\": null, \"folder\": \"disciplines/id23Disciplina1_20230517_160849/id22Potok1_20230517_162857/tasks/id52task/id1group/id23Lefterov\", \"surname\": \"Лефтеров\", \"id_student\": 23, \"id_teacher\": null, \"patronymic\": \"Дмитриевич\", \"type_execution\": \"назначено\", \"id_type_execution\": 1}, {\"date\": null, \"name\": \"Полина\", \"score\": null, \"folder\": \"disciplines/id23Disciplina1_20230517_160849/id22Potok1_20230517_162857/tasks/id52task/id1group/id24Poydenko\", \"surname\": \"Пойденко\", \"id_student\": 24, \"id_teacher\": null, \"patronymic\": \"Александровна\", \"type_execution\": \"назначено\", \"id_type_execution\": 1}, {\"date\": null, \"name\": \"Максим\", \"score\": null, \"folder\": \"disciplines/id23Disciplina1_20230517_160849/id22Potok1_20230517_162857/tasks/id52task/id1group/id25Ryadko\", \"surname\": \"Рядко\", \"id_student\": 25, \"id_teacher\": null, \"patronymic\": \"Алексеевич\", \"type_execution\": \"назначено\", \"id_type_execution\": 1}, {\"date\": null, \"name\": \"Валерия\", \"score\": null, \"folder\": \"disciplines/id23Disciplina1_20230517_160849/id22Potok1_20230517_162857/tasks/id52task/id1group/id26Savenkova\", \"surname\": \"Савенкова\", \"id_student\": 26, \"id_teacher\": null, \"patronymic\": \"Олеговна\", \"type_execution\": \"назначено\", \"id_type_execution\": 1}, {\"date\": null, \"name\": \"Артем\", \"score\": null, \"folder\": \"disciplines/id23Disciplina1_20230517_160849/id22Potok1_20230517_162857/tasks/id52task/id1group/id27Slobodyanik\", \"surname\": \"Слободяник\", \"id_student\": 27, \"id_teacher\": null, \"patronymic\": \"Игоревич\", \"type_execution\": \"назначено\", \"id_type_execution\": 1}, {\"date\": null, \"name\": \"Михаил\", \"score\": null, \"folder\": \"disciplines/id23Disciplina1_20230517_160849/id22Potok1_20230517_162857/tasks/id52task/id1group/id28Shevchenko\", \"surname\": \"Шевченко\", \"id_student\": 28, \"id_teacher\": null, \"patronymic\": \"Владимирович\", \"type_execution\": \"назначено\", \"id_type_execution\": 1}, {\"date\": null, \"name\": \"Богдан\", \"score\": null, \"folder\": \"disciplines/id23Disciplina1_20230517_160849/id22Potok1_20230517_162857/tasks/id52task/id1group/id29Shestakov\", \"surname\": \"Шестаков\", \"id_student\": 29, \"id_teacher\": null, \"patronymic\": \"Андреевич\", \"type_execution\": \"назначено\", \"id_type_execution\": 1}, {\"date\": null, \"name\": \"Артем\", \"score\": null, \"folder\": \"disciplines/id23Disciplina1_20230517_160849/id22Potok1_20230517_162857/tasks/id52task/id1group/id30Yakovchenko\", \"surname\": \"Яковченко\", \"id_student\": 30, \"id_teacher\": null, \"patronymic\": \"Александрович\", \"type_execution\": \"назначено\", \"id_type_execution\": 1}], \"topic_material\": \"задание2\", \"id_educat_material\": 52}, {\"folder\": \"disciplines/id23Disciplina1_20230517_160849/id22Potok1_20230517_162857/tasks/id53task/id1group\", \"array_students\": [{\"date\": null, \"name\": \"Алина\", \"score\": null, \"folder\": \"disciplines/id23Disciplina1_20230517_160849/id22Potok1_20230517_162857/tasks/id53task/id1group/id19Belaya\", \"surname\": \"Белая\", \"id_student\": 19, \"id_teacher\": null, \"patronymic\": \"Юрьевна\", \"type_execution\": \"назначено\", \"id_type_execution\": 1}, {\"date\": null, \"name\": \"Георгий\", \"score\": null, \"folder\": \"disciplines/id23Disciplina1_20230517_160849/id22Potok1_20230517_162857/tasks/id53task/id1group/id20Goik\", \"surname\": \"Гоик\", \"id_student\": 20, \"id_teacher\": null, \"patronymic\": \"Дмитриевич\", \"type_execution\": \"назначено\", \"id_type_execution\": 1}, {\"date\": null, \"name\": \"Данил\", \"score\": null, \"folder\": \"disciplines/id23Disciplina1_20230517_160849/id22Potok1_20230517_162857/tasks/id53task/id1group/id21Goncharov\", \"surname\": \"Гончаров\", \"id_student\": 21, \"id_teacher\": null, \"patronymic\": \"Дмитриевич\", \"type_execution\": \"назначено\", \"id_type_execution\": 1}, {\"date\": null, \"name\": \"Кирилл\", \"score\": null, \"folder\": \"disciplines/id23Disciplina1_20230517_160849/id22Potok1_20230517_162857/tasks/id53task/id1group/id22Derkach\", \"surname\": \"Деркач\", \"id_student\": 22, \"id_teacher\": null, \"patronymic\": \"Игоревич\", \"type_execution\": \"назначено\", \"id_type_execution\": 1}, {\"date\": null, \"name\": \"Дмитрий\", \"score\": null, \"folder\": \"disciplines/id23Disciplina1_20230517_160849/id22Potok1_20230517_162857/tasks/id53task/id1group/id23Lefterov\", \"surname\": \"Лефтеров\", \"id_student\": 23, \"id_teacher\": null, \"patronymic\": \"Дмитриевич\", \"type_execution\": \"назначено\", \"id_type_execution\": 1}, {\"date\": null, \"name\": \"Полина\", \"score\": null, \"folder\": \"disciplines/id23Disciplina1_20230517_160849/id22Potok1_20230517_162857/tasks/id53task/id1group/id24Poydenko\", \"surname\": \"Пойденко\", \"id_student\": 24, \"id_teacher\": null, \"patronymic\": \"Александровна\", \"type_execution\": \"назначено\", \"id_type_execution\": 1}, {\"date\": null, \"name\": \"Максим\", \"score\": null, \"folder\": \"disciplines/id23Disciplina1_20230517_160849/id22Potok1_20230517_162857/tasks/id53task/id1group/id25Ryadko\", \"surname\": \"Рядко\", \"id_student\": 25, \"id_teacher\": null, \"patronymic\": \"Алексеевич\", \"type_execution\": \"назначено\", \"id_type_execution\": 1}, {\"date\": null, \"name\": \"Валерия\", \"score\": null, \"folder\": \"disciplines/id23Disciplina1_20230517_160849/id22Potok1_20230517_162857/tasks/id53task/id1group/id26Savenkova\", \"surname\": \"Савенкова\", \"id_student\": 26, \"id_teacher\": null, \"patronymic\": \"Олеговна\", \"type_execution\": \"назначено\", \"id_type_execution\": 1}, {\"date\": null, \"name\": \"Артем\", \"score\": null, \"folder\": \"disciplines/id23Disciplina1_20230517_160849/id22Potok1_20230517_162857/tasks/id53task/id1group/id27Slobodyanik\", \"surname\": \"Слободяник\", \"id_student\": 27, \"id_teacher\": null, \"patronymic\": \"Игоревич\", \"type_execution\": \"назначено\", \"id_type_execution\": 1}, {\"date\": null, \"name\": \"Михаил\", \"score\": null, \"folder\": \"disciplines/id23Disciplina1_20230517_160849/id22Potok1_20230517_162857/tasks/id53task/id1group/id28Shevchenko\", \"surname\": \"Шевченко\", \"id_student\": 28, \"id_teacher\": null, \"patronymic\": \"Владимирович\", \"type_execution\": \"назначено\", \"id_type_execution\": 1}, {\"date\": null, \"name\": \"Богдан\", \"score\": null, \"folder\": \"disciplines/id23Disciplina1_20230517_160849/id22Potok1_20230517_162857/tasks/id53task/id1group/id29Shestakov\", \"surname\": \"Шестаков\", \"id_student\": 29, \"id_teacher\": null, \"patronymic\": \"Андреевич\", \"type_execution\": \"назначено\", \"id_type_execution\": 1}, {\"date\": null, \"name\": \"Артем\", \"score\": null, \"folder\": \"disciplines/id23Disciplina1_20230517_160849/id22Potok1_20230517_162857/tasks/id53task/id1group/id30Yakovchenko\", \"surname\": \"Яковченко\", \"id_student\": 30, \"id_teacher\": null, \"patronymic\": \"Александрович\", \"type_execution\": \"назначено\", \"id_type_execution\": 1}], \"topic_material\": \"задание3\", \"id_educat_material\": 53}], \"header\": \"Лабораторные\", \"name_group\": \"ИСТ-19а\", \"other_types_control\": {\"header\": \"Другие виды контроля\", \"other_tasks\": [{\"name_control\": \" дефолтное задание1\", \"array_students\": [{\"date\": null, \"name\": \"Алина\", \"score\": null, \"surname\": \"Белая\", \"id_student\": 19, \"patronymic\": \"Юрьевна\"}, {\"date\": null, \"name\": \"Георгий\", \"score\": null, \"surname\": \"Гоик\", \"id_student\": 20, \"patronymic\": \"Дмитриевич\"}, {\"date\": null, \"name\": \"Данил\", \"score\": null, \"surname\": \"Гончаров\", \"id_student\": 21, \"patronymic\": \"Дмитриевич\"}, {\"date\": null, \"name\": \"Кирилл\", \"score\": null, \"surname\": \"Деркач\", \"id_student\": 22, \"patronymic\": \"Игоревич\"}, {\"date\": null, \"name\": \"Дмитрий\", \"score\": null, \"surname\": \"Лефтеров\", \"id_student\": 23, \"patronymic\": \"Дмитриевич\"}, {\"date\": null, \"name\": \"Полина\", \"score\": null, \"surname\": \"Пойденко\", \"id_student\": 24, \"patronymic\": \"Александровна\"}, {\"date\": null, \"name\": \"Максим\", \"score\": null, \"surname\": \"Рядко\", \"id_student\": 25, \"patronymic\": \"Алексеевич\"}, {\"date\": null, \"name\": \"Валерия\", \"score\": null, \"surname\": \"Савенкова\", \"id_student\": 26, \"patronymic\": \"Олеговна\"}, {\"date\": null, \"name\": \"Артем\", \"score\": null, \"surname\": \"Слободяник\", \"id_student\": 27, \"patronymic\": \"Игоревич\"}, {\"date\": null, \"name\": \"Михаил\", \"score\": null, \"surname\": \"Шевченко\", \"id_student\": 28, \"patronymic\": \"Владимирович\"}, {\"date\": null, \"name\": \"Богдан\", \"score\": null, \"surname\": \"Шестаков\", \"id_student\": 29, \"patronymic\": \"Андреевич\"}, {\"date\": null, \"name\": \"Артем\", \"score\": null, \"surname\": \"Яковченко\", \"id_student\": 30, \"patronymic\": \"Александрович\"}]}]}, \"Control_educational_process\": {\"header\": \"Контроль учебно-воспитательного процесса\", \"passes\": {\"subhead\": \"Пропуски\", \"array_students\": [{\"date\": null, \"name\": \"Алина\", \"count\": null, \"surname\": \"Белая\", \"id_student\": 19, \"patronymic\": \"Юрьевна\"}, {\"date\": null, \"name\": \"Георгий\", \"count\": null, \"surname\": \"Гоик\", \"id_student\": 20, \"patronymic\": \"Дмитриевич\"}, {\"date\": null, \"name\": \"Данил\", \"count\": null, \"surname\": \"Гончаров\", \"id_student\": 21, \"patronymic\": \"Дмитриевич\"}, {\"date\": null, \"name\": \"Кирилл\", \"count\": null, \"surname\": \"Деркач\", \"id_student\": 22, \"patronymic\": \"Игоревич\"}, {\"date\": null, \"name\": \"Дмитрий\", \"count\": null, \"surname\": \"Лефтеров\", \"id_student\": 23, \"patronymic\": \"Дмитриевич\"}, {\"date\": null, \"name\": \"Полина\", \"count\": null, \"surname\": \"Пойденко\", \"id_student\": 24, \"patronymic\": \"Александровна\"}, {\"date\": null, \"name\": \"Максим\", \"count\": null, \"surname\": \"Рядко\", \"id_student\": 25, \"patronymic\": \"Алексеевич\"}, {\"date\": null, \"name\": \"Валерия\", \"count\": null, \"surname\": \"Савенкова\", \"id_student\": 26, \"patronymic\": \"Олеговна\"}, {\"date\": null, \"name\": \"Артем\", \"count\": null, \"surname\": \"Слободяник\", \"id_student\": 27, \"patronymic\": \"Игоревич\"}, {\"date\": null, \"name\": \"Михаил\", \"count\": null, \"surname\": \"Шевченко\", \"id_student\": 28, \"patronymic\": \"Владимирович\"}, {\"date\": null, \"name\": \"Богдан\", \"count\": null, \"surname\": \"Шестаков\", \"id_student\": 29, \"patronymic\": \"Андреевич\"}, {\"date\": null, \"name\": \"Артем\", \"count\": null, \"surname\": \"Яковченко\", \"id_student\": 30, \"patronymic\": \"Александрович\"}]}, \"intersessional_control\": {\"subhead\": \"МСК\", \"array_students\": [{\"date\": null, \"name\": \"Алина\", \"passage\": null, \"surname\": \"Белая\", \"id_student\": 19, \"patronymic\": \"Юрьевна\"}, {\"date\": null, \"name\": \"Георгий\", \"passage\": null, \"surname\": \"Гоик\", \"id_student\": 20, \"patronymic\": \"Дмитриевич\"}, {\"date\": null, \"name\": \"Данил\", \"passage\": null, \"surname\": \"Гончаров\", \"id_student\": 21, \"patronymic\": \"Дмитриевич\"}, {\"date\": null, \"name\": \"Кирилл\", \"passage\": null, \"surname\": \"Деркач\", \"id_student\": 22, \"patronymic\": \"Игоревич\"}, {\"date\": null, \"name\": \"Дмитрий\", \"passage\": null, \"surname\": \"Лефтеров\", \"id_student\": 23, \"patronymic\": \"Дмитриевич\"}, {\"date\": null, \"name\": \"Полина\", \"passage\": null, \"surname\": \"Пойденко\", \"id_student\": 24, \"patronymic\": \"Александровна\"}, {\"date\": null, \"name\": \"Максим\", \"passage\": null, \"surname\": \"Рядко\", \"id_student\": 25, \"patronymic\": \"Алексеевич\"}, {\"date\": null, \"name\": \"Валерия\", \"passage\": null, \"surname\": \"Савенкова\", \"id_student\": 26, \"patronymic\": \"Олеговна\"}, {\"date\": null, \"name\": \"Артем\", \"passage\": null, \"surname\": \"Слободяник\", \"id_student\": 27, \"patronymic\": \"Игоревич\"}, {\"date\": null, \"name\": \"Михаил\", \"passage\": null, \"surname\": \"Шевченко\", \"id_student\": 28, \"patronymic\": \"Владимирович\"}, {\"date\": null, \"name\": \"Богдан\", \"passage\": null, \"surname\": \"Шестаков\", \"id_student\": 29, \"patronymic\": \"Андреевич\"}, {\"date\": null, \"name\": \"Артем\", \"passage\": null, \"surname\": \"Яковченко\", \"id_student\": 30, \"patronymic\": \"Александрович\"}]}}, \"Results_control_educational_process\": {\"exam\": {\"subhead\": \"Экзамен\", \"array_students\": [{\"date\": null, \"name\": \"Алина\", \"score\": null, \"surname\": \"Белая\", \"id_student\": 19, \"patronymic\": \"Юрьевна\"}, {\"date\": null, \"name\": \"Георгий\", \"score\": null, \"surname\": \"Гоик\", \"id_student\": 20, \"patronymic\": \"Дмитриевич\"}, {\"date\": null, \"name\": \"Данил\", \"score\": null, \"surname\": \"Гончаров\", \"id_student\": 21, \"patronymic\": \"Дмитриевич\"}, {\"date\": null, \"name\": \"Кирилл\", \"score\": null, \"surname\": \"Деркач\", \"id_student\": 22, \"patronymic\": \"Игоревич\"}, {\"date\": null, \"name\": \"Дмитрий\", \"score\": null, \"surname\": \"Лефтеров\", \"id_student\": 23, \"patronymic\": \"Дмитриевич\"}, {\"date\": null, \"name\": \"Полина\", \"score\": null, \"surname\": \"Пойденко\", \"id_student\": 24, \"patronymic\": \"Александровна\"}, {\"date\": null, \"name\": \"Максим\", \"score\": null, \"surname\": \"Рядко\", \"id_student\": 25, \"patronymic\": \"Алексеевич\"}, {\"date\": null, \"name\": \"Валерия\", \"score\": null, \"surname\": \"Савенкова\", \"id_student\": 26, \"patronymic\": \"Олеговна\"}, {\"date\": null, \"name\": \"Артем\", \"score\": null, \"surname\": \"Слободяник\", \"id_student\": 27, \"patronymic\": \"Игоревич\"}, {\"date\": null, \"name\": \"Михаил\", \"score\": null, \"surname\": \"Шевченко\", \"id_student\": 28, \"patronymic\": \"Владимирович\"}, {\"date\": null, \"name\": \"Богдан\", \"score\": null, \"surname\": \"Шестаков\", \"id_student\": 29, \"patronymic\": \"Андреевич\"}, {\"date\": null, \"name\": \"Артем\", \"score\": null, \"surname\": \"Яковченко\", \"id_student\": 30, \"patronymic\": \"Александрович\"}]}, \"header\": \"Итоги контроля учебно-воспитательного процесса\", \"offset\": {\"subhead\": \"Зачет\", \"array_students\": [{\"date\": null, \"name\": \"Алина\", \"score\": null, \"surname\": \"Белая\", \"id_student\": 19, \"patronymic\": \"Юрьевна\"}, {\"date\": null, \"name\": \"Георгий\", \"score\": null, \"surname\": \"Гоик\", \"id_student\": 20, \"patronymic\": \"Дмитриевич\"}, {\"date\": null, \"name\": \"Данил\", \"score\": null, \"surname\": \"Гончаров\", \"id_student\": 21, \"patronymic\": \"Дмитриевич\"}, {\"date\": null, \"name\": \"Кирилл\", \"score\": null, \"surname\": \"Деркач\", \"id_student\": 22, \"patronymic\": \"Игоревич\"}, {\"date\": null, \"name\": \"Дмитрий\", \"score\": null, \"surname\": \"Лефтеров\", \"id_student\": 23, \"patronymic\": \"Дмитриевич\"}, {\"date\": null, \"name\": \"Полина\", \"score\": null, \"surname\": \"Пойденко\", \"id_student\": 24, \"patronymic\": \"Александровна\"}, {\"date\": null, \"name\": \"Максим\", \"score\": null, \"surname\": \"Рядко\", \"id_student\": 25, \"patronymic\": \"Алексеевич\"}, {\"date\": null, \"name\": \"Валерия\", \"score\": null, \"surname\": \"Савенкова\", \"id_student\": 26, \"patronymic\": \"Олеговна\"}, {\"date\": null, \"name\": \"Артем\", \"score\": null, \"surname\": \"Слободяник\", \"id_student\": 27, \"patronymic\": \"Игоревич\"}, {\"date\": null, \"name\": \"Михаил\", \"score\": null, \"surname\": \"Шевченко\", \"id_student\": 28, \"patronymic\": \"Владимирович\"}, {\"date\": null, \"name\": \"Богдан\", \"score\": null, \"surname\": \"Шестаков\", \"id_student\": 29, \"patronymic\": \"Андреевич\"}, {\"date\": null, \"name\": \"Артем\", \"score\": null, \"surname\": \"Яковченко\", \"id_student\": 30, \"patronymic\": \"Александрович\"}]}}}',NULL),(262,137,6,'{\"tasks\": [], \"header\": \"Лабораторные\", \"name_group\": \"ИСТ-19в\", \"other_types_control\": {\"header\": \"Другие виды контроля\", \"other_tasks\": [{\"name_control\": \" дефолтное задание1\", \"array_students\": []}]}, \"Control_educational_process\": {\"header\": \"Контроль учебно-воспитательного процесса\", \"passes\": {\"subhead\": \"Пропуски\", \"array_students\": []}, \"intersessional_control\": {\"subhead\": \"МСК\", \"array_students\": []}}, \"Results_control_educational_process\": {\"exam\": {\"subhead\": \"Экзамен\", \"array_students\": []}, \"header\": \"Итоги контроля учебно-воспитательного процесса\", \"offset\": {\"subhead\": \"Зачет\", \"array_students\": []}}}',NULL),(263,137,7,'{\"tasks\": [], \"header\": \"Лабораторные\", \"name_group\": \"ИСТ-19г\", \"other_types_control\": {\"header\": \"Другие виды контроля\", \"other_tasks\": [{\"name_control\": \" дефолтное задание1\", \"array_students\": []}]}, \"Control_educational_process\": {\"header\": \"Контроль учебно-воспитательного процесса\", \"passes\": {\"subhead\": \"Пропуски\", \"array_students\": []}, \"intersessional_control\": {\"subhead\": \"МСК\", \"array_students\": []}}, \"Results_control_educational_process\": {\"exam\": {\"subhead\": \"Экзамен\", \"array_students\": []}, \"header\": \"Итоги контроля учебно-воспитательного процесса\", \"offset\": {\"subhead\": \"Зачет\", \"array_students\": []}}}',NULL),(264,138,8,'{\"tasks\": [], \"header\": \"Лабораторные\", \"name_group\": \"ИНФ-19\", \"other_types_control\": {\"header\": \"Другие виды контроля\", \"other_tasks\": [{\"name_control\": \" дефолтное задание1\", \"array_students\": []}]}, \"Control_educational_process\": {\"header\": \"Контроль учебно-воспитательного процесса\", \"passes\": {\"subhead\": \"Пропуски\", \"array_students\": []}, \"intersessional_control\": {\"subhead\": \"МСК\", \"array_students\": []}}, \"Results_control_educational_process\": {\"exam\": {\"subhead\": \"Экзамен\", \"array_students\": []}, \"header\": \"Итоги контроля учебно-воспитательного процесса\", \"offset\": {\"subhead\": \"Зачет\", \"array_students\": []}}}',NULL),(265,138,9,'{\"tasks\": [], \"header\": \"Лабораторные\", \"name_group\": \"ПИ-19\", \"other_types_control\": {\"header\": \"Другие виды контроля\", \"other_tasks\": [{\"name_control\": \" дефолтное задание1\", \"array_students\": []}]}, \"Control_educational_process\": {\"header\": \"Контроль учебно-воспитательного процесса\", \"passes\": {\"subhead\": \"Пропуски\", \"array_students\": []}, \"intersessional_control\": {\"subhead\": \"МСК\", \"array_students\": []}}, \"Results_control_educational_process\": {\"exam\": {\"subhead\": \"Экзамен\", \"array_students\": []}, \"header\": \"Итоги контроля учебно-воспитательного процесса\", \"offset\": {\"subhead\": \"Зачет\", \"array_students\": []}}}',NULL),(266,139,1,'{\"tasks\": [{\"folder\": \"disciplines/id24Disciplina2_20230517_160930/id25Potok3_20230517_163430/tasks/id54task/id1group\", \"array_students\": [{\"date\": null, \"name\": \"Алина\", \"score\": null, \"folder\": \"disciplines/id24Disciplina2_20230517_160930/id25Potok3_20230517_163430/tasks/id54task/id1group/id19Belaya\", \"surname\": \"Белая\", \"id_student\": 19, \"id_teacher\": null, \"patronymic\": \"Юрьевна\", \"type_execution\": \"назначено\", \"id_type_execution\": 1}, {\"date\": null, \"name\": \"Георгий\", \"score\": null, \"folder\": \"disciplines/id24Disciplina2_20230517_160930/id25Potok3_20230517_163430/tasks/id54task/id1group/id20Goik\", \"surname\": \"Гоик\", \"id_student\": 20, \"id_teacher\": null, \"patronymic\": \"Дмитриевич\", \"type_execution\": \"назначено\", \"id_type_execution\": 1}, {\"date\": null, \"name\": \"Данил\", \"score\": null, \"folder\": \"disciplines/id24Disciplina2_20230517_160930/id25Potok3_20230517_163430/tasks/id54task/id1group/id21Goncharov\", \"surname\": \"Гончаров\", \"id_student\": 21, \"id_teacher\": null, \"patronymic\": \"Дмитриевич\", \"type_execution\": \"назначено\", \"id_type_execution\": 1}, {\"date\": null, \"name\": \"Кирилл\", \"score\": null, \"folder\": \"disciplines/id24Disciplina2_20230517_160930/id25Potok3_20230517_163430/tasks/id54task/id1group/id22Derkach\", \"surname\": \"Деркач\", \"id_student\": 22, \"id_teacher\": null, \"patronymic\": \"Игоревич\", \"type_execution\": \"назначено\", \"id_type_execution\": 1}, {\"date\": null, \"name\": \"Дмитрий\", \"score\": null, \"folder\": \"disciplines/id24Disciplina2_20230517_160930/id25Potok3_20230517_163430/tasks/id54task/id1group/id23Lefterov\", \"surname\": \"Лефтеров\", \"id_student\": 23, \"id_teacher\": null, \"patronymic\": \"Дмитриевич\", \"type_execution\": \"назначено\", \"id_type_execution\": 1}, {\"date\": null, \"name\": \"Полина\", \"score\": null, \"folder\": \"disciplines/id24Disciplina2_20230517_160930/id25Potok3_20230517_163430/tasks/id54task/id1group/id24Poydenko\", \"surname\": \"Пойденко\", \"id_student\": 24, \"id_teacher\": null, \"patronymic\": \"Александровна\", \"type_execution\": \"назначено\", \"id_type_execution\": 1}, {\"date\": null, \"name\": \"Максим\", \"score\": null, \"folder\": \"disciplines/id24Disciplina2_20230517_160930/id25Potok3_20230517_163430/tasks/id54task/id1group/id25Ryadko\", \"surname\": \"Рядко\", \"id_student\": 25, \"id_teacher\": null, \"patronymic\": \"Алексеевич\", \"type_execution\": \"назначено\", \"id_type_execution\": 1}, {\"date\": null, \"name\": \"Валерия\", \"score\": null, \"folder\": \"disciplines/id24Disciplina2_20230517_160930/id25Potok3_20230517_163430/tasks/id54task/id1group/id26Savenkova\", \"surname\": \"Савенкова\", \"id_student\": 26, \"id_teacher\": null, \"patronymic\": \"Олеговна\", \"type_execution\": \"назначено\", \"id_type_execution\": 1}, {\"date\": null, \"name\": \"Артем\", \"score\": null, \"folder\": \"disciplines/id24Disciplina2_20230517_160930/id25Potok3_20230517_163430/tasks/id54task/id1group/id27Slobodyanik\", \"surname\": \"Слободяник\", \"id_student\": 27, \"id_teacher\": null, \"patronymic\": \"Игоревич\", \"type_execution\": \"назначено\", \"id_type_execution\": 1}, {\"date\": null, \"name\": \"Михаил\", \"score\": null, \"folder\": \"disciplines/id24Disciplina2_20230517_160930/id25Potok3_20230517_163430/tasks/id54task/id1group/id28Shevchenko\", \"surname\": \"Шевченко\", \"id_student\": 28, \"id_teacher\": null, \"patronymic\": \"Владимирович\", \"type_execution\": \"назначено\", \"id_type_execution\": 1}, {\"date\": null, \"name\": \"Богдан\", \"score\": null, \"folder\": \"disciplines/id24Disciplina2_20230517_160930/id25Potok3_20230517_163430/tasks/id54task/id1group/id29Shestakov\", \"surname\": \"Шестаков\", \"id_student\": 29, \"id_teacher\": null, \"patronymic\": \"Андреевич\", \"type_execution\": \"назначено\", \"id_type_execution\": 1}, {\"date\": null, \"name\": \"Артем\", \"score\": null, \"folder\": \"disciplines/id24Disciplina2_20230517_160930/id25Potok3_20230517_163430/tasks/id54task/id1group/id30Yakovchenko\", \"surname\": \"Яковченко\", \"id_student\": 30, \"id_teacher\": null, \"patronymic\": \"Александрович\", \"type_execution\": \"назначено\", \"id_type_execution\": 1}], \"topic_material\": \"задание4\", \"id_educat_material\": 54}], \"header\": \"Лабораторные\", \"name_group\": \"ИСТ-19а\", \"other_types_control\": {\"header\": \"Другие виды контроля\", \"other_tasks\": [{\"name_control\": \" дефолтное задание1\", \"array_students\": [{\"date\": null, \"name\": \"Алина\", \"score\": null, \"surname\": \"Белая\", \"id_student\": 19, \"patronymic\": \"Юрьевна\"}, {\"date\": null, \"name\": \"Георгий\", \"score\": null, \"surname\": \"Гоик\", \"id_student\": 20, \"patronymic\": \"Дмитриевич\"}, {\"date\": null, \"name\": \"Данил\", \"score\": null, \"surname\": \"Гончаров\", \"id_student\": 21, \"patronymic\": \"Дмитриевич\"}, {\"date\": null, \"name\": \"Кирилл\", \"score\": null, \"surname\": \"Деркач\", \"id_student\": 22, \"patronymic\": \"Игоревич\"}, {\"date\": null, \"name\": \"Дмитрий\", \"score\": null, \"surname\": \"Лефтеров\", \"id_student\": 23, \"patronymic\": \"Дмитриевич\"}, {\"date\": null, \"name\": \"Полина\", \"score\": null, \"surname\": \"Пойденко\", \"id_student\": 24, \"patronymic\": \"Александровна\"}, {\"date\": null, \"name\": \"Максим\", \"score\": null, \"surname\": \"Рядко\", \"id_student\": 25, \"patronymic\": \"Алексеевич\"}, {\"date\": null, \"name\": \"Валерия\", \"score\": null, \"surname\": \"Савенкова\", \"id_student\": 26, \"patronymic\": \"Олеговна\"}, {\"date\": null, \"name\": \"Артем\", \"score\": null, \"surname\": \"Слободяник\", \"id_student\": 27, \"patronymic\": \"Игоревич\"}, {\"date\": null, \"name\": \"Михаил\", \"score\": null, \"surname\": \"Шевченко\", \"id_student\": 28, \"patronymic\": \"Владимирович\"}, {\"date\": null, \"name\": \"Богдан\", \"score\": null, \"surname\": \"Шестаков\", \"id_student\": 29, \"patronymic\": \"Андреевич\"}, {\"date\": null, \"name\": \"Артем\", \"score\": null, \"surname\": \"Яковченко\", \"id_student\": 30, \"patronymic\": \"Александрович\"}]}]}, \"Control_educational_process\": {\"header\": \"Контроль учебно-воспитательного процесса\", \"passes\": {\"subhead\": \"Пропуски\", \"array_students\": [{\"date\": null, \"name\": \"Алина\", \"count\": null, \"surname\": \"Белая\", \"id_student\": 19, \"patronymic\": \"Юрьевна\"}, {\"date\": null, \"name\": \"Георгий\", \"count\": null, \"surname\": \"Гоик\", \"id_student\": 20, \"patronymic\": \"Дмитриевич\"}, {\"date\": null, \"name\": \"Данил\", \"count\": null, \"surname\": \"Гончаров\", \"id_student\": 21, \"patronymic\": \"Дмитриевич\"}, {\"date\": null, \"name\": \"Кирилл\", \"count\": null, \"surname\": \"Деркач\", \"id_student\": 22, \"patronymic\": \"Игоревич\"}, {\"date\": null, \"name\": \"Дмитрий\", \"count\": null, \"surname\": \"Лефтеров\", \"id_student\": 23, \"patronymic\": \"Дмитриевич\"}, {\"date\": null, \"name\": \"Полина\", \"count\": null, \"surname\": \"Пойденко\", \"id_student\": 24, \"patronymic\": \"Александровна\"}, {\"date\": null, \"name\": \"Максим\", \"count\": null, \"surname\": \"Рядко\", \"id_student\": 25, \"patronymic\": \"Алексеевич\"}, {\"date\": null, \"name\": \"Валерия\", \"count\": null, \"surname\": \"Савенкова\", \"id_student\": 26, \"patronymic\": \"Олеговна\"}, {\"date\": null, \"name\": \"Артем\", \"count\": null, \"surname\": \"Слободяник\", \"id_student\": 27, \"patronymic\": \"Игоревич\"}, {\"date\": null, \"name\": \"Михаил\", \"count\": null, \"surname\": \"Шевченко\", \"id_student\": 28, \"patronymic\": \"Владимирович\"}, {\"date\": null, \"name\": \"Богдан\", \"count\": null, \"surname\": \"Шестаков\", \"id_student\": 29, \"patronymic\": \"Андреевич\"}, {\"date\": null, \"name\": \"Артем\", \"count\": null, \"surname\": \"Яковченко\", \"id_student\": 30, \"patronymic\": \"Александрович\"}]}, \"intersessional_control\": {\"subhead\": \"МСК\", \"array_students\": [{\"date\": null, \"name\": \"Алина\", \"passage\": null, \"surname\": \"Белая\", \"id_student\": 19, \"patronymic\": \"Юрьевна\"}, {\"date\": null, \"name\": \"Георгий\", \"passage\": null, \"surname\": \"Гоик\", \"id_student\": 20, \"patronymic\": \"Дмитриевич\"}, {\"date\": null, \"name\": \"Данил\", \"passage\": null, \"surname\": \"Гончаров\", \"id_student\": 21, \"patronymic\": \"Дмитриевич\"}, {\"date\": null, \"name\": \"Кирилл\", \"passage\": null, \"surname\": \"Деркач\", \"id_student\": 22, \"patronymic\": \"Игоревич\"}, {\"date\": null, \"name\": \"Дмитрий\", \"passage\": null, \"surname\": \"Лефтеров\", \"id_student\": 23, \"patronymic\": \"Дмитриевич\"}, {\"date\": null, \"name\": \"Полина\", \"passage\": null, \"surname\": \"Пойденко\", \"id_student\": 24, \"patronymic\": \"Александровна\"}, {\"date\": null, \"name\": \"Максим\", \"passage\": null, \"surname\": \"Рядко\", \"id_student\": 25, \"patronymic\": \"Алексеевич\"}, {\"date\": null, \"name\": \"Валерия\", \"passage\": null, \"surname\": \"Савенкова\", \"id_student\": 26, \"patronymic\": \"Олеговна\"}, {\"date\": null, \"name\": \"Артем\", \"passage\": null, \"surname\": \"Слободяник\", \"id_student\": 27, \"patronymic\": \"Игоревич\"}, {\"date\": null, \"name\": \"Михаил\", \"passage\": null, \"surname\": \"Шевченко\", \"id_student\": 28, \"patronymic\": \"Владимирович\"}, {\"date\": null, \"name\": \"Богдан\", \"passage\": null, \"surname\": \"Шестаков\", \"id_student\": 29, \"patronymic\": \"Андреевич\"}, {\"date\": null, \"name\": \"Артем\", \"passage\": null, \"surname\": \"Яковченко\", \"id_student\": 30, \"patronymic\": \"Александрович\"}]}}, \"Results_control_educational_process\": {\"exam\": {\"subhead\": \"Экзамен\", \"array_students\": [{\"date\": null, \"name\": \"Алина\", \"score\": null, \"surname\": \"Белая\", \"id_student\": 19, \"patronymic\": \"Юрьевна\"}, {\"date\": null, \"name\": \"Георгий\", \"score\": null, \"surname\": \"Гоик\", \"id_student\": 20, \"patronymic\": \"Дмитриевич\"}, {\"date\": null, \"name\": \"Данил\", \"score\": null, \"surname\": \"Гончаров\", \"id_student\": 21, \"patronymic\": \"Дмитриевич\"}, {\"date\": null, \"name\": \"Кирилл\", \"score\": null, \"surname\": \"Деркач\", \"id_student\": 22, \"patronymic\": \"Игоревич\"}, {\"date\": null, \"name\": \"Дмитрий\", \"score\": null, \"surname\": \"Лефтеров\", \"id_student\": 23, \"patronymic\": \"Дмитриевич\"}, {\"date\": null, \"name\": \"Полина\", \"score\": null, \"surname\": \"Пойденко\", \"id_student\": 24, \"patronymic\": \"Александровна\"}, {\"date\": null, \"name\": \"Максим\", \"score\": null, \"surname\": \"Рядко\", \"id_student\": 25, \"patronymic\": \"Алексеевич\"}, {\"date\": null, \"name\": \"Валерия\", \"score\": null, \"surname\": \"Савенкова\", \"id_student\": 26, \"patronymic\": \"Олеговна\"}, {\"date\": null, \"name\": \"Артем\", \"score\": null, \"surname\": \"Слободяник\", \"id_student\": 27, \"patronymic\": \"Игоревич\"}, {\"date\": null, \"name\": \"Михаил\", \"score\": null, \"surname\": \"Шевченко\", \"id_student\": 28, \"patronymic\": \"Владимирович\"}, {\"date\": null, \"name\": \"Богдан\", \"score\": null, \"surname\": \"Шестаков\", \"id_student\": 29, \"patronymic\": \"Андреевич\"}, {\"date\": null, \"name\": \"Артем\", \"score\": null, \"surname\": \"Яковченко\", \"id_student\": 30, \"patronymic\": \"Александрович\"}]}, \"header\": \"Итоги контроля учебно-воспитательного процесса\", \"offset\": {\"subhead\": \"Зачет\", \"array_students\": [{\"date\": null, \"name\": \"Алина\", \"score\": null, \"surname\": \"Белая\", \"id_student\": 19, \"patronymic\": \"Юрьевна\"}, {\"date\": null, \"name\": \"Георгий\", \"score\": null, \"surname\": \"Гоик\", \"id_student\": 20, \"patronymic\": \"Дмитриевич\"}, {\"date\": null, \"name\": \"Данил\", \"score\": null, \"surname\": \"Гончаров\", \"id_student\": 21, \"patronymic\": \"Дмитриевич\"}, {\"date\": null, \"name\": \"Кирилл\", \"score\": null, \"surname\": \"Деркач\", \"id_student\": 22, \"patronymic\": \"Игоревич\"}, {\"date\": null, \"name\": \"Дмитрий\", \"score\": null, \"surname\": \"Лефтеров\", \"id_student\": 23, \"patronymic\": \"Дмитриевич\"}, {\"date\": null, \"name\": \"Полина\", \"score\": null, \"surname\": \"Пойденко\", \"id_student\": 24, \"patronymic\": \"Александровна\"}, {\"date\": null, \"name\": \"Максим\", \"score\": null, \"surname\": \"Рядко\", \"id_student\": 25, \"patronymic\": \"Алексеевич\"}, {\"date\": null, \"name\": \"Валерия\", \"score\": null, \"surname\": \"Савенкова\", \"id_student\": 26, \"patronymic\": \"Олеговна\"}, {\"date\": null, \"name\": \"Артем\", \"score\": null, \"surname\": \"Слободяник\", \"id_student\": 27, \"patronymic\": \"Игоревич\"}, {\"date\": null, \"name\": \"Михаил\", \"score\": null, \"surname\": \"Шевченко\", \"id_student\": 28, \"patronymic\": \"Владимирович\"}, {\"date\": null, \"name\": \"Богдан\", \"score\": null, \"surname\": \"Шестаков\", \"id_student\": 29, \"patronymic\": \"Андреевич\"}, {\"date\": null, \"name\": \"Артем\", \"score\": null, \"surname\": \"Яковченко\", \"id_student\": 30, \"patronymic\": \"Александрович\"}]}}}',NULL),(267,139,2,'{\"tasks\": [{\"folder\": \"disciplines/id24Disciplina2_20230517_160930/id25Potok3_20230517_163430/tasks/id54task/id2group\", \"array_students\": [{\"date\": null, \"name\": \"Владислав\", \"score\": null, \"folder\": \"disciplines/id24Disciplina2_20230517_160930/id25Potok3_20230517_163430/tasks/id54task/id2group/id31Babichev\", \"surname\": \"Бабичев\", \"id_student\": 31, \"id_teacher\": null, \"patronymic\": \"Александрович\", \"type_execution\": \"назначено\", \"id_type_execution\": 1}, {\"date\": null, \"name\": \"Илья\", \"score\": null, \"folder\": \"disciplines/id24Disciplina2_20230517_160930/id25Potok3_20230517_163430/tasks/id54task/id2group/id32Geyvandov\", \"surname\": \"Гейвандов\", \"id_student\": 32, \"id_teacher\": null, \"patronymic\": \"Романович\", \"type_execution\": \"назначено\", \"id_type_execution\": 1}, {\"date\": null, \"name\": \"Владимир\", \"score\": null, \"folder\": \"disciplines/id24Disciplina2_20230517_160930/id25Potok3_20230517_163430/tasks/id54task/id2group/id33Karpovich\", \"surname\": \"Карпович\", \"id_student\": 33, \"id_teacher\": null, \"patronymic\": \"Дмитриевич\", \"type_execution\": \"назначено\", \"id_type_execution\": 1}, {\"date\": null, \"name\": \"Данил\", \"score\": null, \"folder\": \"disciplines/id24Disciplina2_20230517_160930/id25Potok3_20230517_163430/tasks/id54task/id2group/id34Klyuyko\", \"surname\": \"Клюйко\", \"id_student\": 34, \"id_teacher\": null, \"patronymic\": \"Андреевич\", \"type_execution\": \"назначено\", \"id_type_execution\": 1}, {\"date\": null, \"name\": \"Виктор\", \"score\": null, \"folder\": \"disciplines/id24Disciplina2_20230517_160930/id25Potok3_20230517_163430/tasks/id54task/id2group/id35Lisichenko\", \"surname\": \"Лисиченко\", \"id_student\": 35, \"id_teacher\": null, \"patronymic\": \"Тимофеевич\", \"type_execution\": \"назначено\", \"id_type_execution\": 1}, {\"date\": null, \"name\": \"Владислав\", \"score\": null, \"folder\": \"disciplines/id24Disciplina2_20230517_160930/id25Potok3_20230517_163430/tasks/id54task/id2group/id36Morgunov\", \"surname\": \"Моргунов\", \"id_student\": 36, \"id_teacher\": null, \"patronymic\": \"Дмитриевич\", \"type_execution\": \"назначено\", \"id_type_execution\": 1}, {\"date\": null, \"name\": \"Богдан\", \"score\": null, \"folder\": \"disciplines/id24Disciplina2_20230517_160930/id25Potok3_20230517_163430/tasks/id54task/id2group/id37Shnyra\", \"surname\": \"Шныра\", \"id_student\": 37, \"id_teacher\": null, \"patronymic\": \"Олегович\", \"type_execution\": \"назначено\", \"id_type_execution\": 1}, {\"date\": null, \"name\": \"Игорь\", \"score\": null, \"folder\": \"disciplines/id24Disciplina2_20230517_160930/id25Potok3_20230517_163430/tasks/id54task/id2group/id38Agarkov\", \"surname\": \"Агарков\", \"id_student\": 38, \"id_teacher\": null, \"patronymic\": \"Анатольевич\", \"type_execution\": \"назначено\", \"id_type_execution\": 1}], \"topic_material\": \"задание4\", \"id_educat_material\": 54}], \"header\": \"Лабораторные\", \"name_group\": \"ИСТ-19б\", \"other_types_control\": {\"header\": \"Другие виды контроля\", \"other_tasks\": [{\"name_control\": \" дефолтное задание1\", \"array_students\": [{\"date\": null, \"name\": \"Владислав\", \"score\": null, \"surname\": \"Бабичев\", \"id_student\": 31, \"patronymic\": \"Александрович\"}, {\"date\": null, \"name\": \"Илья\", \"score\": null, \"surname\": \"Гейвандов\", \"id_student\": 32, \"patronymic\": \"Романович\"}, {\"date\": null, \"name\": \"Владимир\", \"score\": null, \"surname\": \"Карпович\", \"id_student\": 33, \"patronymic\": \"Дмитриевич\"}, {\"date\": null, \"name\": \"Данил\", \"score\": null, \"surname\": \"Клюйко\", \"id_student\": 34, \"patronymic\": \"Андреевич\"}, {\"date\": null, \"name\": \"Виктор\", \"score\": null, \"surname\": \"Лисиченко\", \"id_student\": 35, \"patronymic\": \"Тимофеевич\"}, {\"date\": null, \"name\": \"Владислав\", \"score\": null, \"surname\": \"Моргунов\", \"id_student\": 36, \"patronymic\": \"Дмитриевич\"}, {\"date\": null, \"name\": \"Богдан\", \"score\": null, \"surname\": \"Шныра\", \"id_student\": 37, \"patronymic\": \"Олегович\"}, {\"date\": null, \"name\": \"Игорь\", \"score\": null, \"surname\": \"Агарков\", \"id_student\": 38, \"patronymic\": \"Анатольевич\"}]}]}, \"Control_educational_process\": {\"header\": \"Контроль учебно-воспитательного процесса\", \"passes\": {\"subhead\": \"Пропуски\", \"array_students\": [{\"date\": null, \"name\": \"Владислав\", \"count\": null, \"surname\": \"Бабичев\", \"id_student\": 31, \"patronymic\": \"Александрович\"}, {\"date\": null, \"name\": \"Илья\", \"count\": null, \"surname\": \"Гейвандов\", \"id_student\": 32, \"patronymic\": \"Романович\"}, {\"date\": null, \"name\": \"Владимир\", \"count\": null, \"surname\": \"Карпович\", \"id_student\": 33, \"patronymic\": \"Дмитриевич\"}, {\"date\": null, \"name\": \"Данил\", \"count\": null, \"surname\": \"Клюйко\", \"id_student\": 34, \"patronymic\": \"Андреевич\"}, {\"date\": null, \"name\": \"Виктор\", \"count\": null, \"surname\": \"Лисиченко\", \"id_student\": 35, \"patronymic\": \"Тимофеевич\"}, {\"date\": null, \"name\": \"Владислав\", \"count\": null, \"surname\": \"Моргунов\", \"id_student\": 36, \"patronymic\": \"Дмитриевич\"}, {\"date\": null, \"name\": \"Богдан\", \"count\": null, \"surname\": \"Шныра\", \"id_student\": 37, \"patronymic\": \"Олегович\"}, {\"date\": null, \"name\": \"Игорь\", \"count\": null, \"surname\": \"Агарков\", \"id_student\": 38, \"patronymic\": \"Анатольевич\"}]}, \"intersessional_control\": {\"subhead\": \"МСК\", \"array_students\": [{\"date\": null, \"name\": \"Владислав\", \"passage\": null, \"surname\": \"Бабичев\", \"id_student\": 31, \"patronymic\": \"Александрович\"}, {\"date\": null, \"name\": \"Илья\", \"passage\": null, \"surname\": \"Гейвандов\", \"id_student\": 32, \"patronymic\": \"Романович\"}, {\"date\": null, \"name\": \"Владимир\", \"passage\": null, \"surname\": \"Карпович\", \"id_student\": 33, \"patronymic\": \"Дмитриевич\"}, {\"date\": null, \"name\": \"Данил\", \"passage\": null, \"surname\": \"Клюйко\", \"id_student\": 34, \"patronymic\": \"Андреевич\"}, {\"date\": null, \"name\": \"Виктор\", \"passage\": null, \"surname\": \"Лисиченко\", \"id_student\": 35, \"patronymic\": \"Тимофеевич\"}, {\"date\": null, \"name\": \"Владислав\", \"passage\": null, \"surname\": \"Моргунов\", \"id_student\": 36, \"patronymic\": \"Дмитриевич\"}, {\"date\": null, \"name\": \"Богдан\", \"passage\": null, \"surname\": \"Шныра\", \"id_student\": 37, \"patronymic\": \"Олегович\"}, {\"date\": null, \"name\": \"Игорь\", \"passage\": null, \"surname\": \"Агарков\", \"id_student\": 38, \"patronymic\": \"Анатольевич\"}]}}, \"Results_control_educational_process\": {\"exam\": {\"subhead\": \"Экзамен\", \"array_students\": [{\"date\": null, \"name\": \"Владислав\", \"score\": null, \"surname\": \"Бабичев\", \"id_student\": 31, \"patronymic\": \"Александрович\"}, {\"date\": null, \"name\": \"Илья\", \"score\": null, \"surname\": \"Гейвандов\", \"id_student\": 32, \"patronymic\": \"Романович\"}, {\"date\": null, \"name\": \"Владимир\", \"score\": null, \"surname\": \"Карпович\", \"id_student\": 33, \"patronymic\": \"Дмитриевич\"}, {\"date\": null, \"name\": \"Данил\", \"score\": null, \"surname\": \"Клюйко\", \"id_student\": 34, \"patronymic\": \"Андреевич\"}, {\"date\": null, \"name\": \"Виктор\", \"score\": null, \"surname\": \"Лисиченко\", \"id_student\": 35, \"patronymic\": \"Тимофеевич\"}, {\"date\": null, \"name\": \"Владислав\", \"score\": null, \"surname\": \"Моргунов\", \"id_student\": 36, \"patronymic\": \"Дмитриевич\"}, {\"date\": null, \"name\": \"Богдан\", \"score\": null, \"surname\": \"Шныра\", \"id_student\": 37, \"patronymic\": \"Олегович\"}, {\"date\": null, \"name\": \"Игорь\", \"score\": null, \"surname\": \"Агарков\", \"id_student\": 38, \"patronymic\": \"Анатольевич\"}]}, \"header\": \"Итоги контроля учебно-воспитательного процесса\", \"offset\": {\"subhead\": \"Зачет\", \"array_students\": [{\"date\": null, \"name\": \"Владислав\", \"score\": null, \"surname\": \"Бабичев\", \"id_student\": 31, \"patronymic\": \"Александрович\"}, {\"date\": null, \"name\": \"Илья\", \"score\": null, \"surname\": \"Гейвандов\", \"id_student\": 32, \"patronymic\": \"Романович\"}, {\"date\": null, \"name\": \"Владимир\", \"score\": null, \"surname\": \"Карпович\", \"id_student\": 33, \"patronymic\": \"Дмитриевич\"}, {\"date\": null, \"name\": \"Данил\", \"score\": null, \"surname\": \"Клюйко\", \"id_student\": 34, \"patronymic\": \"Андреевич\"}, {\"date\": null, \"name\": \"Виктор\", \"score\": null, \"surname\": \"Лисиченко\", \"id_student\": 35, \"patronymic\": \"Тимофеевич\"}, {\"date\": null, \"name\": \"Владислав\", \"score\": null, \"surname\": \"Моргунов\", \"id_student\": 36, \"patronymic\": \"Дмитриевич\"}, {\"date\": null, \"name\": \"Богдан\", \"score\": null, \"surname\": \"Шныра\", \"id_student\": 37, \"patronymic\": \"Олегович\"}, {\"date\": null, \"name\": \"Игорь\", \"score\": null, \"surname\": \"Агарков\", \"id_student\": 38, \"patronymic\": \"Анатольевич\"}]}}}',NULL),(268,139,4,'{\"tasks\": [{\"folder\": \"disciplines/id24Disciplina2_20230517_160930/id25Potok3_20230517_163430/tasks/id54task/id4group\", \"array_students\": [{\"date\": null, \"name\": \"Артем\", \"score\": null, \"folder\": \"disciplines/id24Disciplina2_20230517_160930/id25Potok3_20230517_163430/tasks/id54task/id4group/id130Golovach\", \"surname\": \"Головач\", \"id_student\": 130, \"id_teacher\": null, \"patronymic\": \"Андреевич\", \"type_execution\": \"назначено\", \"id_type_execution\": 1}, {\"date\": null, \"name\": \"Даниил\", \"score\": null, \"folder\": \"disciplines/id24Disciplina2_20230517_160930/id25Potok3_20230517_163430/tasks/id54task/id4group/id138Varankin\", \"surname\": \"Варанкин\", \"id_student\": 138, \"patronymic\": \"Вадимович\", \"type_execution\": \"назначено\", \"id_type_execution\": 1}], \"topic_material\": \"задание4\", \"id_educat_material\": 54}], \"header\": \"Лабораторные\", \"name_group\": \"БИ-19\", \"other_types_control\": {\"header\": \"Другие виды контроля\", \"other_tasks\": [{\"name_control\": \" дефолтное задание1\", \"array_students\": [{\"date\": null, \"name\": \"Артем\", \"score\": null, \"surname\": \"Головач\", \"id_student\": 130, \"patronymic\": \"Андреевич\"}]}]}, \"Control_educational_process\": {\"header\": \"Контроль учебно-воспитательного процесса\", \"passes\": {\"subhead\": \"Пропуски\", \"array_students\": [{\"date\": null, \"name\": \"Артем\", \"count\": null, \"surname\": \"Головач\", \"id_student\": 130, \"patronymic\": \"Андреевич\"}, {\"date\": null, \"name\": \"Даниил\", \"count\": null, \"surname\": \"Варанкин\", \"id_student\": 138, \"patronymic\": \"Вадимович\"}]}, \"intersessional_control\": {\"subhead\": \"МСК\", \"array_students\": [{\"date\": null, \"name\": \"Артем\", \"passage\": null, \"surname\": \"Головач\", \"id_student\": 130, \"patronymic\": \"Андреевич\"}, {\"date\": null, \"name\": \"Даниил\", \"passage\": null, \"surname\": \"Варанкин\", \"id_student\": 138, \"patronymic\": \"Вадимович\"}]}}, \"Results_control_educational_process\": {\"exam\": {\"subhead\": \"Экзамен\", \"array_students\": [{\"date\": null, \"name\": \"Артем\", \"score\": null, \"surname\": \"Головач\", \"id_student\": 130, \"patronymic\": \"Андреевич\"}, {\"date\": null, \"name\": \"Даниил\", \"score\": null, \"surname\": \"Варанкин\", \"id_student\": 138, \"patronymic\": \"Вадимович\"}]}, \"header\": \"Итоги контроля учебно-воспитательного процесса\", \"offset\": {\"subhead\": \"Зачет\", \"array_students\": [{\"date\": null, \"name\": \"Артем\", \"score\": null, \"surname\": \"Головач\", \"id_student\": 130, \"patronymic\": \"Андреевич\"}, {\"date\": null, \"name\": \"Даниил\", \"score\": null, \"surname\": \"Варанкин\", \"id_student\": 138, \"patronymic\": \"Вадимович\"}]}}}',NULL),(269,139,5,'{\"tasks\": [{\"folder\": \"disciplines/id24Disciplina2_20230517_160930/id25Potok3_20230517_163430/tasks/id54task/id5group\", \"array_students\": [], \"topic_material\": \"задание4\", \"id_educat_material\": 54}], \"header\": \"Лабораторные\", \"name_group\": \"КМД-19\", \"other_types_control\": {\"header\": \"Другие виды контроля\", \"other_tasks\": [{\"name_control\": \" дефолтное задание1\", \"array_students\": []}]}, \"Control_educational_process\": {\"header\": \"Контроль учебно-воспитательного процесса\", \"passes\": {\"subhead\": \"Пропуски\", \"array_students\": []}, \"intersessional_control\": {\"subhead\": \"МСК\", \"array_students\": []}}, \"Results_control_educational_process\": {\"exam\": {\"subhead\": \"Экзамен\", \"array_students\": []}, \"header\": \"Итоги контроля учебно-воспитательного процесса\", \"offset\": {\"subhead\": \"Зачет\", \"array_students\": []}}}',NULL),(270,140,6,'{\"tasks\": [], \"header\": \"Лабораторные\", \"name_group\": \"ИСТ-19в\", \"other_types_control\": {\"header\": \"Другие виды контроля\", \"other_tasks\": [{\"name_control\": \" дефолтное задание1\", \"array_students\": []}]}, \"Control_educational_process\": {\"header\": \"Контроль учебно-воспитательного процесса\", \"passes\": {\"subhead\": \"Пропуски\", \"array_students\": []}, \"intersessional_control\": {\"subhead\": \"МСК\", \"array_students\": []}}, \"Results_control_educational_process\": {\"exam\": {\"subhead\": \"Экзамен\", \"array_students\": []}, \"header\": \"Итоги контроля учебно-воспитательного процесса\", \"offset\": {\"subhead\": \"Зачет\", \"array_students\": []}}}',NULL),(271,140,7,'{\"tasks\": [], \"header\": \"Лабораторные\", \"name_group\": \"ИСТ-19г\", \"other_types_control\": {\"header\": \"Другие виды контроля\", \"other_tasks\": [{\"name_control\": \" дефолтное задание1\", \"array_students\": []}]}, \"Control_educational_process\": {\"header\": \"Контроль учебно-воспитательного процесса\", \"passes\": {\"subhead\": \"Пропуски\", \"array_students\": []}, \"intersessional_control\": {\"subhead\": \"МСК\", \"array_students\": []}}, \"Results_control_educational_process\": {\"exam\": {\"subhead\": \"Экзамен\", \"array_students\": []}, \"header\": \"Итоги контроля учебно-воспитательного процесса\", \"offset\": {\"subhead\": \"Зачет\", \"array_students\": []}}}',NULL),(272,141,3,'{\"tasks\": [], \"header\": \"Лабораторные\", \"name_group\": \"АСУ-19\", \"other_types_control\": {\"header\": \"Другие виды контроля\", \"other_tasks\": [{\"name_control\": \" дефолтное задание1\", \"array_students\": [{\"date\": null, \"name\": \"Виталий\", \"score\": null, \"surname\": \"Бражников\", \"id_student\": 39, \"patronymic\": \"Андреевич\"}, {\"date\": null, \"name\": \"Денис\", \"score\": null, \"surname\": \"Дворников\", \"id_student\": 40, \"patronymic\": \"Евгеньевич\"}, {\"date\": null, \"name\": \"Егор\", \"score\": null, \"surname\": \"Дудник\", \"id_student\": 41, \"patronymic\": \"Витальевич\"}, {\"date\": null, \"name\": \"Дмитрий\", \"score\": null, \"surname\": \"Лунев\", \"id_student\": 42, \"patronymic\": \"Сергеевич\"}, {\"date\": null, \"name\": \"Мирослав\", \"score\": null, \"surname\": \"Павленко\", \"id_student\": 43, \"patronymic\": \"Сергеевич\"}, {\"date\": null, \"name\": \"Алексей\", \"score\": null, \"surname\": \"Пушкарь\", \"id_student\": 44, \"patronymic\": \"Дмитриевич\"}, {\"date\": null, \"name\": \"Леонид\", \"score\": null, \"surname\": \"Сыгинь\", \"id_student\": 45, \"patronymic\": \"Ярославович\"}, {\"date\": null, \"name\": \"Максим\", \"score\": null, \"surname\": \"Шевцов\", \"id_student\": 46, \"patronymic\": \"Викторович\"}, {\"date\": null, \"name\": \"Марк\", \"score\": null, \"surname\": \"Яковлев\", \"id_student\": 47, \"patronymic\": \"Юрьевич\"}, {\"date\": null, \"name\": \"Георгий\", \"score\": null, \"surname\": \"Ткаченко\", \"id_student\": 48, \"patronymic\": \"Александрович\"}]}]}, \"Control_educational_process\": {\"header\": \"Контроль учебно-воспитательного процесса\", \"passes\": {\"subhead\": \"Пропуски\", \"array_students\": [{\"date\": null, \"name\": \"Виталий\", \"count\": null, \"surname\": \"Бражников\", \"id_student\": 39, \"patronymic\": \"Андреевич\"}, {\"date\": null, \"name\": \"Денис\", \"count\": null, \"surname\": \"Дворников\", \"id_student\": 40, \"patronymic\": \"Евгеньевич\"}, {\"date\": null, \"name\": \"Егор\", \"count\": null, \"surname\": \"Дудник\", \"id_student\": 41, \"patronymic\": \"Витальевич\"}, {\"date\": null, \"name\": \"Дмитрий\", \"count\": null, \"surname\": \"Лунев\", \"id_student\": 42, \"patronymic\": \"Сергеевич\"}, {\"date\": null, \"name\": \"Мирослав\", \"count\": null, \"surname\": \"Павленко\", \"id_student\": 43, \"patronymic\": \"Сергеевич\"}, {\"date\": null, \"name\": \"Алексей\", \"count\": null, \"surname\": \"Пушкарь\", \"id_student\": 44, \"patronymic\": \"Дмитриевич\"}, {\"date\": null, \"name\": \"Леонид\", \"count\": null, \"surname\": \"Сыгинь\", \"id_student\": 45, \"patronymic\": \"Ярославович\"}, {\"date\": null, \"name\": \"Максим\", \"count\": null, \"surname\": \"Шевцов\", \"id_student\": 46, \"patronymic\": \"Викторович\"}, {\"date\": null, \"name\": \"Марк\", \"count\": null, \"surname\": \"Яковлев\", \"id_student\": 47, \"patronymic\": \"Юрьевич\"}, {\"date\": null, \"name\": \"Георгий\", \"count\": null, \"surname\": \"Ткаченко\", \"id_student\": 48, \"patronymic\": \"Александрович\"}]}, \"intersessional_control\": {\"subhead\": \"МСК\", \"array_students\": [{\"date\": null, \"name\": \"Виталий\", \"passage\": null, \"surname\": \"Бражников\", \"id_student\": 39, \"patronymic\": \"Андреевич\"}, {\"date\": null, \"name\": \"Денис\", \"passage\": null, \"surname\": \"Дворников\", \"id_student\": 40, \"patronymic\": \"Евгеньевич\"}, {\"date\": null, \"name\": \"Егор\", \"passage\": null, \"surname\": \"Дудник\", \"id_student\": 41, \"patronymic\": \"Витальевич\"}, {\"date\": null, \"name\": \"Дмитрий\", \"passage\": null, \"surname\": \"Лунев\", \"id_student\": 42, \"patronymic\": \"Сергеевич\"}, {\"date\": null, \"name\": \"Мирослав\", \"passage\": null, \"surname\": \"Павленко\", \"id_student\": 43, \"patronymic\": \"Сергеевич\"}, {\"date\": null, \"name\": \"Алексей\", \"passage\": null, \"surname\": \"Пушкарь\", \"id_student\": 44, \"patronymic\": \"Дмитриевич\"}, {\"date\": null, \"name\": \"Леонид\", \"passage\": null, \"surname\": \"Сыгинь\", \"id_student\": 45, \"patronymic\": \"Ярославович\"}, {\"date\": null, \"name\": \"Максим\", \"passage\": null, \"surname\": \"Шевцов\", \"id_student\": 46, \"patronymic\": \"Викторович\"}, {\"date\": null, \"name\": \"Марк\", \"passage\": null, \"surname\": \"Яковлев\", \"id_student\": 47, \"patronymic\": \"Юрьевич\"}, {\"date\": null, \"name\": \"Георгий\", \"passage\": null, \"surname\": \"Ткаченко\", \"id_student\": 48, \"patronymic\": \"Александрович\"}]}}, \"Results_control_educational_process\": {\"exam\": {\"subhead\": \"Экзамен\", \"array_students\": [{\"date\": null, \"name\": \"Виталий\", \"score\": null, \"surname\": \"Бражников\", \"id_student\": 39, \"patronymic\": \"Андреевич\"}, {\"date\": null, \"name\": \"Денис\", \"score\": null, \"surname\": \"Дворников\", \"id_student\": 40, \"patronymic\": \"Евгеньевич\"}, {\"date\": null, \"name\": \"Егор\", \"score\": null, \"surname\": \"Дудник\", \"id_student\": 41, \"patronymic\": \"Витальевич\"}, {\"date\": null, \"name\": \"Дмитрий\", \"score\": null, \"surname\": \"Лунев\", \"id_student\": 42, \"patronymic\": \"Сергеевич\"}, {\"date\": null, \"name\": \"Мирослав\", \"score\": null, \"surname\": \"Павленко\", \"id_student\": 43, \"patronymic\": \"Сергеевич\"}, {\"date\": null, \"name\": \"Алексей\", \"score\": null, \"surname\": \"Пушкарь\", \"id_student\": 44, \"patronymic\": \"Дмитриевич\"}, {\"date\": null, \"name\": \"Леонид\", \"score\": null, \"surname\": \"Сыгинь\", \"id_student\": 45, \"patronymic\": \"Ярославович\"}, {\"date\": null, \"name\": \"Максим\", \"score\": null, \"surname\": \"Шевцов\", \"id_student\": 46, \"patronymic\": \"Викторович\"}, {\"date\": null, \"name\": \"Марк\", \"score\": null, \"surname\": \"Яковлев\", \"id_student\": 47, \"patronymic\": \"Юрьевич\"}, {\"date\": null, \"name\": \"Георгий\", \"score\": null, \"surname\": \"Ткаченко\", \"id_student\": 48, \"patronymic\": \"Александрович\"}]}, \"header\": \"Итоги контроля учебно-воспитательного процесса\", \"offset\": {\"subhead\": \"Зачет\", \"array_students\": [{\"date\": null, \"name\": \"Виталий\", \"score\": null, \"surname\": \"Бражников\", \"id_student\": 39, \"patronymic\": \"Андреевич\"}, {\"date\": null, \"name\": \"Денис\", \"score\": null, \"surname\": \"Дворников\", \"id_student\": 40, \"patronymic\": \"Евгеньевич\"}, {\"date\": null, \"name\": \"Егор\", \"score\": null, \"surname\": \"Дудник\", \"id_student\": 41, \"patronymic\": \"Витальевич\"}, {\"date\": null, \"name\": \"Дмитрий\", \"score\": null, \"surname\": \"Лунев\", \"id_student\": 42, \"patronymic\": \"Сергеевич\"}, {\"date\": null, \"name\": \"Мирослав\", \"score\": null, \"surname\": \"Павленко\", \"id_student\": 43, \"patronymic\": \"Сергеевич\"}, {\"date\": null, \"name\": \"Алексей\", \"score\": null, \"surname\": \"Пушкарь\", \"id_student\": 44, \"patronymic\": \"Дмитриевич\"}, {\"date\": null, \"name\": \"Леонид\", \"score\": null, \"surname\": \"Сыгинь\", \"id_student\": 45, \"patronymic\": \"Ярославович\"}, {\"date\": null, \"name\": \"Максим\", \"score\": null, \"surname\": \"Шевцов\", \"id_student\": 46, \"patronymic\": \"Викторович\"}, {\"date\": null, \"name\": \"Марк\", \"score\": null, \"surname\": \"Яковлев\", \"id_student\": 47, \"patronymic\": \"Юрьевич\"}, {\"date\": null, \"name\": \"Георгий\", \"score\": null, \"surname\": \"Ткаченко\", \"id_student\": 48, \"patronymic\": \"Александрович\"}]}}}',NULL),(273,142,2,'{\"tasks\": [], \"header\": \"Лабораторные\", \"name_group\": \"ИСТ-19б\", \"other_types_control\": {\"header\": \"Другие виды контроля\", \"other_tasks\": [{\"name_control\": \" дефолтное задание1\", \"array_students\": [{\"date\": null, \"name\": \"Владислав\", \"score\": null, \"surname\": \"Бабичев\", \"id_student\": 31, \"patronymic\": \"Александрович\"}, {\"date\": null, \"name\": \"Илья\", \"score\": null, \"surname\": \"Гейвандов\", \"id_student\": 32, \"patronymic\": \"Романович\"}, {\"date\": null, \"name\": \"Владимир\", \"score\": null, \"surname\": \"Карпович\", \"id_student\": 33, \"patronymic\": \"Дмитриевич\"}, {\"date\": null, \"name\": \"Данил\", \"score\": null, \"surname\": \"Клюйко\", \"id_student\": 34, \"patronymic\": \"Андреевич\"}, {\"date\": null, \"name\": \"Виктор\", \"score\": null, \"surname\": \"Лисиченко\", \"id_student\": 35, \"patronymic\": \"Тимофеевич\"}, {\"date\": null, \"name\": \"Владислав\", \"score\": null, \"surname\": \"Моргунов\", \"id_student\": 36, \"patronymic\": \"Дмитриевич\"}, {\"date\": null, \"name\": \"Богдан\", \"score\": null, \"surname\": \"Шныра\", \"id_student\": 37, \"patronymic\": \"Олегович\"}, {\"date\": null, \"name\": \"Игорь\", \"score\": null, \"surname\": \"Агарков\", \"id_student\": 38, \"patronymic\": \"Анатольевич\"}]}]}, \"Control_educational_process\": {\"header\": \"Контроль учебно-воспитательного процесса\", \"passes\": {\"subhead\": \"Пропуски\", \"array_students\": [{\"date\": null, \"name\": \"Владислав\", \"count\": null, \"surname\": \"Бабичев\", \"id_student\": 31, \"patronymic\": \"Александрович\"}, {\"date\": null, \"name\": \"Илья\", \"count\": null, \"surname\": \"Гейвандов\", \"id_student\": 32, \"patronymic\": \"Романович\"}, {\"date\": null, \"name\": \"Владимир\", \"count\": null, \"surname\": \"Карпович\", \"id_student\": 33, \"patronymic\": \"Дмитриевич\"}, {\"date\": null, \"name\": \"Данил\", \"count\": null, \"surname\": \"Клюйко\", \"id_student\": 34, \"patronymic\": \"Андреевич\"}, {\"date\": null, \"name\": \"Виктор\", \"count\": null, \"surname\": \"Лисиченко\", \"id_student\": 35, \"patronymic\": \"Тимофеевич\"}, {\"date\": null, \"name\": \"Владислав\", \"count\": null, \"surname\": \"Моргунов\", \"id_student\": 36, \"patronymic\": \"Дмитриевич\"}, {\"date\": null, \"name\": \"Богдан\", \"count\": null, \"surname\": \"Шныра\", \"id_student\": 37, \"patronymic\": \"Олегович\"}, {\"date\": null, \"name\": \"Игорь\", \"count\": null, \"surname\": \"Агарков\", \"id_student\": 38, \"patronymic\": \"Анатольевич\"}]}, \"intersessional_control\": {\"subhead\": \"МСК\", \"array_students\": [{\"date\": null, \"name\": \"Владислав\", \"passage\": null, \"surname\": \"Бабичев\", \"id_student\": 31, \"patronymic\": \"Александрович\"}, {\"date\": null, \"name\": \"Илья\", \"passage\": null, \"surname\": \"Гейвандов\", \"id_student\": 32, \"patronymic\": \"Романович\"}, {\"date\": null, \"name\": \"Владимир\", \"passage\": null, \"surname\": \"Карпович\", \"id_student\": 33, \"patronymic\": \"Дмитриевич\"}, {\"date\": null, \"name\": \"Данил\", \"passage\": null, \"surname\": \"Клюйко\", \"id_student\": 34, \"patronymic\": \"Андреевич\"}, {\"date\": null, \"name\": \"Виктор\", \"passage\": null, \"surname\": \"Лисиченко\", \"id_student\": 35, \"patronymic\": \"Тимофеевич\"}, {\"date\": null, \"name\": \"Владислав\", \"passage\": null, \"surname\": \"Моргунов\", \"id_student\": 36, \"patronymic\": \"Дмитриевич\"}, {\"date\": null, \"name\": \"Богдан\", \"passage\": null, \"surname\": \"Шныра\", \"id_student\": 37, \"patronymic\": \"Олегович\"}, {\"date\": null, \"name\": \"Игорь\", \"passage\": null, \"surname\": \"Агарков\", \"id_student\": 38, \"patronymic\": \"Анатольевич\"}]}}, \"Results_control_educational_process\": {\"exam\": {\"subhead\": \"Экзамен\", \"array_students\": [{\"date\": null, \"name\": \"Владислав\", \"score\": null, \"surname\": \"Бабичев\", \"id_student\": 31, \"patronymic\": \"Александрович\"}, {\"date\": null, \"name\": \"Илья\", \"score\": null, \"surname\": \"Гейвандов\", \"id_student\": 32, \"patronymic\": \"Романович\"}, {\"date\": null, \"name\": \"Владимир\", \"score\": null, \"surname\": \"Карпович\", \"id_student\": 33, \"patronymic\": \"Дмитриевич\"}, {\"date\": null, \"name\": \"Данил\", \"score\": null, \"surname\": \"Клюйко\", \"id_student\": 34, \"patronymic\": \"Андреевич\"}, {\"date\": null, \"name\": \"Виктор\", \"score\": null, \"surname\": \"Лисиченко\", \"id_student\": 35, \"patronymic\": \"Тимофеевич\"}, {\"date\": null, \"name\": \"Владислав\", \"score\": null, \"surname\": \"Моргунов\", \"id_student\": 36, \"patronymic\": \"Дмитриевич\"}, {\"date\": null, \"name\": \"Богдан\", \"score\": null, \"surname\": \"Шныра\", \"id_student\": 37, \"patronymic\": \"Олегович\"}, {\"date\": null, \"name\": \"Игорь\", \"score\": null, \"surname\": \"Агарков\", \"id_student\": 38, \"patronymic\": \"Анатольевич\"}]}, \"header\": \"Итоги контроля учебно-воспитательного процесса\", \"offset\": {\"subhead\": \"Зачет\", \"array_students\": [{\"date\": null, \"name\": \"Владислав\", \"score\": null, \"surname\": \"Бабичев\", \"id_student\": 31, \"patronymic\": \"Александрович\"}, {\"date\": null, \"name\": \"Илья\", \"score\": null, \"surname\": \"Гейвандов\", \"id_student\": 32, \"patronymic\": \"Романович\"}, {\"date\": null, \"name\": \"Владимир\", \"score\": null, \"surname\": \"Карпович\", \"id_student\": 33, \"patronymic\": \"Дмитриевич\"}, {\"date\": null, \"name\": \"Данил\", \"score\": null, \"surname\": \"Клюйко\", \"id_student\": 34, \"patronymic\": \"Андреевич\"}, {\"date\": null, \"name\": \"Виктор\", \"score\": null, \"surname\": \"Лисиченко\", \"id_student\": 35, \"patronymic\": \"Тимофеевич\"}, {\"date\": null, \"name\": \"Владислав\", \"score\": null, \"surname\": \"Моргунов\", \"id_student\": 36, \"patronymic\": \"Дмитриевич\"}, {\"date\": null, \"name\": \"Богдан\", \"score\": null, \"surname\": \"Шныра\", \"id_student\": 37, \"patronymic\": \"Олегович\"}, {\"date\": null, \"name\": \"Игорь\", \"score\": null, \"surname\": \"Агарков\", \"id_student\": 38, \"patronymic\": \"Анатольевич\"}]}}}',NULL),(274,142,3,'{\"tasks\": [], \"header\": \"Лабораторные\", \"name_group\": \"АСУ-19\", \"other_types_control\": {\"header\": \"Другие виды контроля\", \"other_tasks\": [{\"name_control\": \" дефолтное задание1\", \"array_students\": [{\"date\": null, \"name\": \"Виталий\", \"score\": null, \"surname\": \"Бражников\", \"id_student\": 39, \"patronymic\": \"Андреевич\"}, {\"date\": null, \"name\": \"Денис\", \"score\": null, \"surname\": \"Дворников\", \"id_student\": 40, \"patronymic\": \"Евгеньевич\"}, {\"date\": null, \"name\": \"Егор\", \"score\": null, \"surname\": \"Дудник\", \"id_student\": 41, \"patronymic\": \"Витальевич\"}, {\"date\": null, \"name\": \"Дмитрий\", \"score\": null, \"surname\": \"Лунев\", \"id_student\": 42, \"patronymic\": \"Сергеевич\"}, {\"date\": null, \"name\": \"Мирослав\", \"score\": null, \"surname\": \"Павленко\", \"id_student\": 43, \"patronymic\": \"Сергеевич\"}, {\"date\": null, \"name\": \"Алексей\", \"score\": null, \"surname\": \"Пушкарь\", \"id_student\": 44, \"patronymic\": \"Дмитриевич\"}, {\"date\": null, \"name\": \"Леонид\", \"score\": null, \"surname\": \"Сыгинь\", \"id_student\": 45, \"patronymic\": \"Ярославович\"}, {\"date\": null, \"name\": \"Максим\", \"score\": null, \"surname\": \"Шевцов\", \"id_student\": 46, \"patronymic\": \"Викторович\"}, {\"date\": null, \"name\": \"Марк\", \"score\": null, \"surname\": \"Яковлев\", \"id_student\": 47, \"patronymic\": \"Юрьевич\"}, {\"date\": null, \"name\": \"Георгий\", \"score\": null, \"surname\": \"Ткаченко\", \"id_student\": 48, \"patronymic\": \"Александрович\"}]}]}, \"Control_educational_process\": {\"header\": \"Контроль учебно-воспитательного процесса\", \"passes\": {\"subhead\": \"Пропуски\", \"array_students\": [{\"date\": null, \"name\": \"Виталий\", \"count\": null, \"surname\": \"Бражников\", \"id_student\": 39, \"patronymic\": \"Андреевич\"}, {\"date\": null, \"name\": \"Денис\", \"count\": null, \"surname\": \"Дворников\", \"id_student\": 40, \"patronymic\": \"Евгеньевич\"}, {\"date\": null, \"name\": \"Егор\", \"count\": null, \"surname\": \"Дудник\", \"id_student\": 41, \"patronymic\": \"Витальевич\"}, {\"date\": null, \"name\": \"Дмитрий\", \"count\": null, \"surname\": \"Лунев\", \"id_student\": 42, \"patronymic\": \"Сергеевич\"}, {\"date\": null, \"name\": \"Мирослав\", \"count\": null, \"surname\": \"Павленко\", \"id_student\": 43, \"patronymic\": \"Сергеевич\"}, {\"date\": null, \"name\": \"Алексей\", \"count\": null, \"surname\": \"Пушкарь\", \"id_student\": 44, \"patronymic\": \"Дмитриевич\"}, {\"date\": null, \"name\": \"Леонид\", \"count\": null, \"surname\": \"Сыгинь\", \"id_student\": 45, \"patronymic\": \"Ярославович\"}, {\"date\": null, \"name\": \"Максим\", \"count\": null, \"surname\": \"Шевцов\", \"id_student\": 46, \"patronymic\": \"Викторович\"}, {\"date\": null, \"name\": \"Марк\", \"count\": null, \"surname\": \"Яковлев\", \"id_student\": 47, \"patronymic\": \"Юрьевич\"}, {\"date\": null, \"name\": \"Георгий\", \"count\": null, \"surname\": \"Ткаченко\", \"id_student\": 48, \"patronymic\": \"Александрович\"}]}, \"intersessional_control\": {\"subhead\": \"МСК\", \"array_students\": [{\"date\": null, \"name\": \"Виталий\", \"passage\": null, \"surname\": \"Бражников\", \"id_student\": 39, \"patronymic\": \"Андреевич\"}, {\"date\": null, \"name\": \"Денис\", \"passage\": null, \"surname\": \"Дворников\", \"id_student\": 40, \"patronymic\": \"Евгеньевич\"}, {\"date\": null, \"name\": \"Егор\", \"passage\": null, \"surname\": \"Дудник\", \"id_student\": 41, \"patronymic\": \"Витальевич\"}, {\"date\": null, \"name\": \"Дмитрий\", \"passage\": null, \"surname\": \"Лунев\", \"id_student\": 42, \"patronymic\": \"Сергеевич\"}, {\"date\": null, \"name\": \"Мирослав\", \"passage\": null, \"surname\": \"Павленко\", \"id_student\": 43, \"patronymic\": \"Сергеевич\"}, {\"date\": null, \"name\": \"Алексей\", \"passage\": null, \"surname\": \"Пушкарь\", \"id_student\": 44, \"patronymic\": \"Дмитриевич\"}, {\"date\": null, \"name\": \"Леонид\", \"passage\": null, \"surname\": \"Сыгинь\", \"id_student\": 45, \"patronymic\": \"Ярославович\"}, {\"date\": null, \"name\": \"Максим\", \"passage\": null, \"surname\": \"Шевцов\", \"id_student\": 46, \"patronymic\": \"Викторович\"}, {\"date\": null, \"name\": \"Марк\", \"passage\": null, \"surname\": \"Яковлев\", \"id_student\": 47, \"patronymic\": \"Юрьевич\"}, {\"date\": null, \"name\": \"Георгий\", \"passage\": null, \"surname\": \"Ткаченко\", \"id_student\": 48, \"patronymic\": \"Александрович\"}]}}, \"Results_control_educational_process\": {\"exam\": {\"subhead\": \"Экзамен\", \"array_students\": [{\"date\": null, \"name\": \"Виталий\", \"score\": null, \"surname\": \"Бражников\", \"id_student\": 39, \"patronymic\": \"Андреевич\"}, {\"date\": null, \"name\": \"Денис\", \"score\": null, \"surname\": \"Дворников\", \"id_student\": 40, \"patronymic\": \"Евгеньевич\"}, {\"date\": null, \"name\": \"Егор\", \"score\": null, \"surname\": \"Дудник\", \"id_student\": 41, \"patronymic\": \"Витальевич\"}, {\"date\": null, \"name\": \"Дмитрий\", \"score\": null, \"surname\": \"Лунев\", \"id_student\": 42, \"patronymic\": \"Сергеевич\"}, {\"date\": null, \"name\": \"Мирослав\", \"score\": null, \"surname\": \"Павленко\", \"id_student\": 43, \"patronymic\": \"Сергеевич\"}, {\"date\": null, \"name\": \"Алексей\", \"score\": null, \"surname\": \"Пушкарь\", \"id_student\": 44, \"patronymic\": \"Дмитриевич\"}, {\"date\": null, \"name\": \"Леонид\", \"score\": null, \"surname\": \"Сыгинь\", \"id_student\": 45, \"patronymic\": \"Ярославович\"}, {\"date\": null, \"name\": \"Максим\", \"score\": null, \"surname\": \"Шевцов\", \"id_student\": 46, \"patronymic\": \"Викторович\"}, {\"date\": null, \"name\": \"Марк\", \"score\": null, \"surname\": \"Яковлев\", \"id_student\": 47, \"patronymic\": \"Юрьевич\"}, {\"date\": null, \"name\": \"Георгий\", \"score\": null, \"surname\": \"Ткаченко\", \"id_student\": 48, \"patronymic\": \"Александрович\"}]}, \"header\": \"Итоги контроля учебно-воспитательного процесса\", \"offset\": {\"subhead\": \"Зачет\", \"array_students\": [{\"date\": null, \"name\": \"Виталий\", \"score\": null, \"surname\": \"Бражников\", \"id_student\": 39, \"patronymic\": \"Андреевич\"}, {\"date\": null, \"name\": \"Денис\", \"score\": null, \"surname\": \"Дворников\", \"id_student\": 40, \"patronymic\": \"Евгеньевич\"}, {\"date\": null, \"name\": \"Егор\", \"score\": null, \"surname\": \"Дудник\", \"id_student\": 41, \"patronymic\": \"Витальевич\"}, {\"date\": null, \"name\": \"Дмитрий\", \"score\": null, \"surname\": \"Лунев\", \"id_student\": 42, \"patronymic\": \"Сергеевич\"}, {\"date\": null, \"name\": \"Мирослав\", \"score\": null, \"surname\": \"Павленко\", \"id_student\": 43, \"patronymic\": \"Сергеевич\"}, {\"date\": null, \"name\": \"Алексей\", \"score\": null, \"surname\": \"Пушкарь\", \"id_student\": 44, \"patronymic\": \"Дмитриевич\"}, {\"date\": null, \"name\": \"Леонид\", \"score\": null, \"surname\": \"Сыгинь\", \"id_student\": 45, \"patronymic\": \"Ярославович\"}, {\"date\": null, \"name\": \"Максим\", \"score\": null, \"surname\": \"Шевцов\", \"id_student\": 46, \"patronymic\": \"Викторович\"}, {\"date\": null, \"name\": \"Марк\", \"score\": null, \"surname\": \"Яковлев\", \"id_student\": 47, \"patronymic\": \"Юрьевич\"}, {\"date\": null, \"name\": \"Георгий\", \"score\": null, \"surname\": \"Ткаченко\", \"id_student\": 48, \"patronymic\": \"Александрович\"}]}}}',NULL),(275,142,1,'{\"tasks\": [], \"header\": \"Лабораторные\", \"name_group\": \"ИСТ-19а\", \"other_types_control\": {\"header\": \"Другие виды контроля\", \"other_tasks\": [{\"name_control\": \" дефолтное задание1\", \"array_students\": [{\"date\": null, \"name\": \"Алина\", \"score\": null, \"surname\": \"Белая\", \"id_student\": 19, \"patronymic\": \"Юрьевна\"}, {\"date\": null, \"name\": \"Георгий\", \"score\": null, \"surname\": \"Гоик\", \"id_student\": 20, \"patronymic\": \"Дмитриевич\"}, {\"date\": null, \"name\": \"Данил\", \"score\": null, \"surname\": \"Гончаров\", \"id_student\": 21, \"patronymic\": \"Дмитриевич\"}, {\"date\": null, \"name\": \"Кирилл\", \"score\": null, \"surname\": \"Деркач\", \"id_student\": 22, \"patronymic\": \"Игоревич\"}, {\"date\": null, \"name\": \"Дмитрий\", \"score\": null, \"surname\": \"Лефтеров\", \"id_student\": 23, \"patronymic\": \"Дмитриевич\"}, {\"date\": null, \"name\": \"Полина\", \"score\": null, \"surname\": \"Пойденко\", \"id_student\": 24, \"patronymic\": \"Александровна\"}, {\"date\": null, \"name\": \"Максим\", \"score\": null, \"surname\": \"Рядко\", \"id_student\": 25, \"patronymic\": \"Алексеевич\"}, {\"date\": null, \"name\": \"Валерия\", \"score\": null, \"surname\": \"Савенкова\", \"id_student\": 26, \"patronymic\": \"Олеговна\"}, {\"date\": null, \"name\": \"Артем\", \"score\": null, \"surname\": \"Слободяник\", \"id_student\": 27, \"patronymic\": \"Игоревич\"}, {\"date\": null, \"name\": \"Михаил\", \"score\": null, \"surname\": \"Шевченко\", \"id_student\": 28, \"patronymic\": \"Владимирович\"}, {\"date\": null, \"name\": \"Богдан\", \"score\": null, \"surname\": \"Шестаков\", \"id_student\": 29, \"patronymic\": \"Андреевич\"}, {\"date\": null, \"name\": \"Артем\", \"score\": null, \"surname\": \"Яковченко\", \"id_student\": 30, \"patronymic\": \"Александрович\"}]}]}, \"Control_educational_process\": {\"header\": \"Контроль учебно-воспитательного процесса\", \"passes\": {\"subhead\": \"Пропуски\", \"array_students\": [{\"date\": null, \"name\": \"Алина\", \"count\": null, \"surname\": \"Белая\", \"id_student\": 19, \"patronymic\": \"Юрьевна\"}, {\"date\": null, \"name\": \"Георгий\", \"count\": null, \"surname\": \"Гоик\", \"id_student\": 20, \"patronymic\": \"Дмитриевич\"}, {\"date\": null, \"name\": \"Данил\", \"count\": null, \"surname\": \"Гончаров\", \"id_student\": 21, \"patronymic\": \"Дмитриевич\"}, {\"date\": null, \"name\": \"Кирилл\", \"count\": null, \"surname\": \"Деркач\", \"id_student\": 22, \"patronymic\": \"Игоревич\"}, {\"date\": null, \"name\": \"Дмитрий\", \"count\": null, \"surname\": \"Лефтеров\", \"id_student\": 23, \"patronymic\": \"Дмитриевич\"}, {\"date\": null, \"name\": \"Полина\", \"count\": null, \"surname\": \"Пойденко\", \"id_student\": 24, \"patronymic\": \"Александровна\"}, {\"date\": null, \"name\": \"Максим\", \"count\": null, \"surname\": \"Рядко\", \"id_student\": 25, \"patronymic\": \"Алексеевич\"}, {\"date\": null, \"name\": \"Валерия\", \"count\": null, \"surname\": \"Савенкова\", \"id_student\": 26, \"patronymic\": \"Олеговна\"}, {\"date\": null, \"name\": \"Артем\", \"count\": null, \"surname\": \"Слободяник\", \"id_student\": 27, \"patronymic\": \"Игоревич\"}, {\"date\": null, \"name\": \"Михаил\", \"count\": null, \"surname\": \"Шевченко\", \"id_student\": 28, \"patronymic\": \"Владимирович\"}, {\"date\": null, \"name\": \"Богдан\", \"count\": null, \"surname\": \"Шестаков\", \"id_student\": 29, \"patronymic\": \"Андреевич\"}, {\"date\": null, \"name\": \"Артем\", \"count\": null, \"surname\": \"Яковченко\", \"id_student\": 30, \"patronymic\": \"Александрович\"}]}, \"intersessional_control\": {\"subhead\": \"МСК\", \"array_students\": [{\"date\": null, \"name\": \"Алина\", \"passage\": null, \"surname\": \"Белая\", \"id_student\": 19, \"patronymic\": \"Юрьевна\"}, {\"date\": null, \"name\": \"Георгий\", \"passage\": null, \"surname\": \"Гоик\", \"id_student\": 20, \"patronymic\": \"Дмитриевич\"}, {\"date\": null, \"name\": \"Данил\", \"passage\": null, \"surname\": \"Гончаров\", \"id_student\": 21, \"patronymic\": \"Дмитриевич\"}, {\"date\": null, \"name\": \"Кирилл\", \"passage\": null, \"surname\": \"Деркач\", \"id_student\": 22, \"patronymic\": \"Игоревич\"}, {\"date\": null, \"name\": \"Дмитрий\", \"passage\": null, \"surname\": \"Лефтеров\", \"id_student\": 23, \"patronymic\": \"Дмитриевич\"}, {\"date\": null, \"name\": \"Полина\", \"passage\": null, \"surname\": \"Пойденко\", \"id_student\": 24, \"patronymic\": \"Александровна\"}, {\"date\": null, \"name\": \"Максим\", \"passage\": null, \"surname\": \"Рядко\", \"id_student\": 25, \"patronymic\": \"Алексеевич\"}, {\"date\": null, \"name\": \"Валерия\", \"passage\": null, \"surname\": \"Савенкова\", \"id_student\": 26, \"patronymic\": \"Олеговна\"}, {\"date\": null, \"name\": \"Артем\", \"passage\": null, \"surname\": \"Слободяник\", \"id_student\": 27, \"patronymic\": \"Игоревич\"}, {\"date\": null, \"name\": \"Михаил\", \"passage\": null, \"surname\": \"Шевченко\", \"id_student\": 28, \"patronymic\": \"Владимирович\"}, {\"date\": null, \"name\": \"Богдан\", \"passage\": null, \"surname\": \"Шестаков\", \"id_student\": 29, \"patronymic\": \"Андреевич\"}, {\"date\": null, \"name\": \"Артем\", \"passage\": null, \"surname\": \"Яковченко\", \"id_student\": 30, \"patronymic\": \"Александрович\"}]}}, \"Results_control_educational_process\": {\"exam\": {\"subhead\": \"Экзамен\", \"array_students\": [{\"date\": null, \"name\": \"Алина\", \"score\": null, \"surname\": \"Белая\", \"id_student\": 19, \"patronymic\": \"Юрьевна\"}, {\"date\": null, \"name\": \"Георгий\", \"score\": null, \"surname\": \"Гоик\", \"id_student\": 20, \"patronymic\": \"Дмитриевич\"}, {\"date\": null, \"name\": \"Данил\", \"score\": null, \"surname\": \"Гончаров\", \"id_student\": 21, \"patronymic\": \"Дмитриевич\"}, {\"date\": null, \"name\": \"Кирилл\", \"score\": null, \"surname\": \"Деркач\", \"id_student\": 22, \"patronymic\": \"Игоревич\"}, {\"date\": null, \"name\": \"Дмитрий\", \"score\": null, \"surname\": \"Лефтеров\", \"id_student\": 23, \"patronymic\": \"Дмитриевич\"}, {\"date\": null, \"name\": \"Полина\", \"score\": null, \"surname\": \"Пойденко\", \"id_student\": 24, \"patronymic\": \"Александровна\"}, {\"date\": null, \"name\": \"Максим\", \"score\": null, \"surname\": \"Рядко\", \"id_student\": 25, \"patronymic\": \"Алексеевич\"}, {\"date\": null, \"name\": \"Валерия\", \"score\": null, \"surname\": \"Савенкова\", \"id_student\": 26, \"patronymic\": \"Олеговна\"}, {\"date\": null, \"name\": \"Артем\", \"score\": null, \"surname\": \"Слободяник\", \"id_student\": 27, \"patronymic\": \"Игоревич\"}, {\"date\": null, \"name\": \"Михаил\", \"score\": null, \"surname\": \"Шевченко\", \"id_student\": 28, \"patronymic\": \"Владимирович\"}, {\"date\": null, \"name\": \"Богдан\", \"score\": null, \"surname\": \"Шестаков\", \"id_student\": 29, \"patronymic\": \"Андреевич\"}, {\"date\": null, \"name\": \"Артем\", \"score\": null, \"surname\": \"Яковченко\", \"id_student\": 30, \"patronymic\": \"Александрович\"}]}, \"header\": \"Итоги контроля учебно-воспитательного процесса\", \"offset\": {\"subhead\": \"Зачет\", \"array_students\": [{\"date\": null, \"name\": \"Алина\", \"score\": null, \"surname\": \"Белая\", \"id_student\": 19, \"patronymic\": \"Юрьевна\"}, {\"date\": null, \"name\": \"Георгий\", \"score\": null, \"surname\": \"Гоик\", \"id_student\": 20, \"patronymic\": \"Дмитриевич\"}, {\"date\": null, \"name\": \"Данил\", \"score\": null, \"surname\": \"Гончаров\", \"id_student\": 21, \"patronymic\": \"Дмитриевич\"}, {\"date\": null, \"name\": \"Кирилл\", \"score\": null, \"surname\": \"Деркач\", \"id_student\": 22, \"patronymic\": \"Игоревич\"}, {\"date\": null, \"name\": \"Дмитрий\", \"score\": null, \"surname\": \"Лефтеров\", \"id_student\": 23, \"patronymic\": \"Дмитриевич\"}, {\"date\": null, \"name\": \"Полина\", \"score\": null, \"surname\": \"Пойденко\", \"id_student\": 24, \"patronymic\": \"Александровна\"}, {\"date\": null, \"name\": \"Максим\", \"score\": null, \"surname\": \"Рядко\", \"id_student\": 25, \"patronymic\": \"Алексеевич\"}, {\"date\": null, \"name\": \"Валерия\", \"score\": null, \"surname\": \"Савенкова\", \"id_student\": 26, \"patronymic\": \"Олеговна\"}, {\"date\": null, \"name\": \"Артем\", \"score\": null, \"surname\": \"Слободяник\", \"id_student\": 27, \"patronymic\": \"Игоревич\"}, {\"date\": null, \"name\": \"Михаил\", \"score\": null, \"surname\": \"Шевченко\", \"id_student\": 28, \"patronymic\": \"Владимирович\"}, {\"date\": null, \"name\": \"Богдан\", \"score\": null, \"surname\": \"Шестаков\", \"id_student\": 29, \"patronymic\": \"Андреевич\"}, {\"date\": null, \"name\": \"Артем\", \"score\": null, \"surname\": \"Яковченко\", \"id_student\": 30, \"patronymic\": \"Александрович\"}]}}}',NULL),(278,143,8,'{\"tasks\": [], \"header\": \"Лабораторные\", \"name_group\": \"ИНФ-19\", \"other_types_control\": {\"header\": \"Другие виды контроля\", \"other_tasks\": [{\"name_control\": \" дефолтное задание1\", \"array_students\": []}]}, \"Control_educational_process\": {\"header\": \"Контроль учебно-воспитательного процесса\", \"passes\": {\"subhead\": \"Пропуски\", \"array_students\": []}, \"intersessional_control\": {\"subhead\": \"МСК\", \"array_students\": []}}, \"Results_control_educational_process\": {\"exam\": {\"subhead\": \"Экзамен\", \"array_students\": []}, \"header\": \"Итоги контроля учебно-воспитательного процесса\", \"offset\": {\"subhead\": \"Зачет\", \"array_students\": []}}}',NULL),(279,143,9,'{\"tasks\": [], \"header\": \"Лабораторные\", \"name_group\": \"ПИ-19\", \"other_types_control\": {\"header\": \"Другие виды контроля\", \"other_tasks\": [{\"name_control\": \" дефолтное задание1\", \"array_students\": []}]}, \"Control_educational_process\": {\"header\": \"Контроль учебно-воспитательного процесса\", \"passes\": {\"subhead\": \"Пропуски\", \"array_students\": []}, \"intersessional_control\": {\"subhead\": \"МСК\", \"array_students\": []}}, \"Results_control_educational_process\": {\"exam\": {\"subhead\": \"Экзамен\", \"array_students\": []}, \"header\": \"Итоги контроля учебно-воспитательного процесса\", \"offset\": {\"subhead\": \"Зачет\", \"array_students\": []}}}',NULL),(280,144,1,'{\"tasks\": [], \"header\": \"Лабораторные\", \"name_group\": \"ИСТ-19а\", \"other_types_control\": {\"header\": \"Другие виды контроля\", \"other_tasks\": [{\"name_control\": \" дефолтное задание1\", \"array_students\": [{\"date\": null, \"name\": \"Алина\", \"score\": null, \"surname\": \"Белая\", \"id_student\": 19, \"patronymic\": \"Юрьевна\"}, {\"date\": null, \"name\": \"Георгий\", \"score\": null, \"surname\": \"Гоик\", \"id_student\": 20, \"patronymic\": \"Дмитриевич\"}, {\"date\": null, \"name\": \"Данил\", \"score\": null, \"surname\": \"Гончаров\", \"id_student\": 21, \"patronymic\": \"Дмитриевич\"}, {\"date\": null, \"name\": \"Кирилл\", \"score\": null, \"surname\": \"Деркач\", \"id_student\": 22, \"patronymic\": \"Игоревич\"}, {\"date\": null, \"name\": \"Дмитрий\", \"score\": null, \"surname\": \"Лефтеров\", \"id_student\": 23, \"patronymic\": \"Дмитриевич\"}, {\"date\": null, \"name\": \"Полина\", \"score\": null, \"surname\": \"Пойденко\", \"id_student\": 24, \"patronymic\": \"Александровна\"}, {\"date\": null, \"name\": \"Максим\", \"score\": null, \"surname\": \"Рядко\", \"id_student\": 25, \"patronymic\": \"Алексеевич\"}, {\"date\": null, \"name\": \"Валерия\", \"score\": null, \"surname\": \"Савенкова\", \"id_student\": 26, \"patronymic\": \"Олеговна\"}, {\"date\": null, \"name\": \"Артем\", \"score\": null, \"surname\": \"Слободяник\", \"id_student\": 27, \"patronymic\": \"Игоревич\"}, {\"date\": null, \"name\": \"Михаил\", \"score\": null, \"surname\": \"Шевченко\", \"id_student\": 28, \"patronymic\": \"Владимирович\"}, {\"date\": null, \"name\": \"Богдан\", \"score\": null, \"surname\": \"Шестаков\", \"id_student\": 29, \"patronymic\": \"Андреевич\"}, {\"date\": null, \"name\": \"Артем\", \"score\": null, \"surname\": \"Яковченко\", \"id_student\": 30, \"patronymic\": \"Александрович\"}]}]}, \"Control_educational_process\": {\"header\": \"Контроль учебно-воспитательного процесса\", \"passes\": {\"subhead\": \"Пропуски\", \"array_students\": [{\"date\": null, \"name\": \"Алина\", \"count\": null, \"surname\": \"Белая\", \"id_student\": 19, \"patronymic\": \"Юрьевна\"}, {\"date\": null, \"name\": \"Георгий\", \"count\": null, \"surname\": \"Гоик\", \"id_student\": 20, \"patronymic\": \"Дмитриевич\"}, {\"date\": null, \"name\": \"Данил\", \"count\": null, \"surname\": \"Гончаров\", \"id_student\": 21, \"patronymic\": \"Дмитриевич\"}, {\"date\": null, \"name\": \"Кирилл\", \"count\": null, \"surname\": \"Деркач\", \"id_student\": 22, \"patronymic\": \"Игоревич\"}, {\"date\": null, \"name\": \"Дмитрий\", \"count\": null, \"surname\": \"Лефтеров\", \"id_student\": 23, \"patronymic\": \"Дмитриевич\"}, {\"date\": null, \"name\": \"Полина\", \"count\": null, \"surname\": \"Пойденко\", \"id_student\": 24, \"patronymic\": \"Александровна\"}, {\"date\": null, \"name\": \"Максим\", \"count\": null, \"surname\": \"Рядко\", \"id_student\": 25, \"patronymic\": \"Алексеевич\"}, {\"date\": null, \"name\": \"Валерия\", \"count\": null, \"surname\": \"Савенкова\", \"id_student\": 26, \"patronymic\": \"Олеговна\"}, {\"date\": null, \"name\": \"Артем\", \"count\": null, \"surname\": \"Слободяник\", \"id_student\": 27, \"patronymic\": \"Игоревич\"}, {\"date\": null, \"name\": \"Михаил\", \"count\": null, \"surname\": \"Шевченко\", \"id_student\": 28, \"patronymic\": \"Владимирович\"}, {\"date\": null, \"name\": \"Богдан\", \"count\": null, \"surname\": \"Шестаков\", \"id_student\": 29, \"patronymic\": \"Андреевич\"}, {\"date\": null, \"name\": \"Артем\", \"count\": null, \"surname\": \"Яковченко\", \"id_student\": 30, \"patronymic\": \"Александрович\"}]}, \"intersessional_control\": {\"subhead\": \"МСК\", \"array_students\": [{\"date\": null, \"name\": \"Алина\", \"passage\": null, \"surname\": \"Белая\", \"id_student\": 19, \"patronymic\": \"Юрьевна\"}, {\"date\": null, \"name\": \"Георгий\", \"passage\": null, \"surname\": \"Гоик\", \"id_student\": 20, \"patronymic\": \"Дмитриевич\"}, {\"date\": null, \"name\": \"Данил\", \"passage\": null, \"surname\": \"Гончаров\", \"id_student\": 21, \"patronymic\": \"Дмитриевич\"}, {\"date\": null, \"name\": \"Кирилл\", \"passage\": null, \"surname\": \"Деркач\", \"id_student\": 22, \"patronymic\": \"Игоревич\"}, {\"date\": null, \"name\": \"Дмитрий\", \"passage\": null, \"surname\": \"Лефтеров\", \"id_student\": 23, \"patronymic\": \"Дмитриевич\"}, {\"date\": null, \"name\": \"Полина\", \"passage\": null, \"surname\": \"Пойденко\", \"id_student\": 24, \"patronymic\": \"Александровна\"}, {\"date\": null, \"name\": \"Максим\", \"passage\": null, \"surname\": \"Рядко\", \"id_student\": 25, \"patronymic\": \"Алексеевич\"}, {\"date\": null, \"name\": \"Валерия\", \"passage\": null, \"surname\": \"Савенкова\", \"id_student\": 26, \"patronymic\": \"Олеговна\"}, {\"date\": null, \"name\": \"Артем\", \"passage\": null, \"surname\": \"Слободяник\", \"id_student\": 27, \"patronymic\": \"Игоревич\"}, {\"date\": null, \"name\": \"Михаил\", \"passage\": null, \"surname\": \"Шевченко\", \"id_student\": 28, \"patronymic\": \"Владимирович\"}, {\"date\": null, \"name\": \"Богдан\", \"passage\": null, \"surname\": \"Шестаков\", \"id_student\": 29, \"patronymic\": \"Андреевич\"}, {\"date\": null, \"name\": \"Артем\", \"passage\": null, \"surname\": \"Яковченко\", \"id_student\": 30, \"patronymic\": \"Александрович\"}]}}, \"Results_control_educational_process\": {\"exam\": {\"subhead\": \"Экзамен\", \"array_students\": [{\"date\": null, \"name\": \"Алина\", \"score\": null, \"surname\": \"Белая\", \"id_student\": 19, \"patronymic\": \"Юрьевна\"}, {\"date\": null, \"name\": \"Георгий\", \"score\": null, \"surname\": \"Гоик\", \"id_student\": 20, \"patronymic\": \"Дмитриевич\"}, {\"date\": null, \"name\": \"Данил\", \"score\": null, \"surname\": \"Гончаров\", \"id_student\": 21, \"patronymic\": \"Дмитриевич\"}, {\"date\": null, \"name\": \"Кирилл\", \"score\": null, \"surname\": \"Деркач\", \"id_student\": 22, \"patronymic\": \"Игоревич\"}, {\"date\": null, \"name\": \"Дмитрий\", \"score\": null, \"surname\": \"Лефтеров\", \"id_student\": 23, \"patronymic\": \"Дмитриевич\"}, {\"date\": null, \"name\": \"Полина\", \"score\": null, \"surname\": \"Пойденко\", \"id_student\": 24, \"patronymic\": \"Александровна\"}, {\"date\": null, \"name\": \"Максим\", \"score\": null, \"surname\": \"Рядко\", \"id_student\": 25, \"patronymic\": \"Алексеевич\"}, {\"date\": null, \"name\": \"Валерия\", \"score\": null, \"surname\": \"Савенкова\", \"id_student\": 26, \"patronymic\": \"Олеговна\"}, {\"date\": null, \"name\": \"Артем\", \"score\": null, \"surname\": \"Слободяник\", \"id_student\": 27, \"patronymic\": \"Игоревич\"}, {\"date\": null, \"name\": \"Михаил\", \"score\": null, \"surname\": \"Шевченко\", \"id_student\": 28, \"patronymic\": \"Владимирович\"}, {\"date\": null, \"name\": \"Богдан\", \"score\": null, \"surname\": \"Шестаков\", \"id_student\": 29, \"patronymic\": \"Андреевич\"}, {\"date\": null, \"name\": \"Артем\", \"score\": null, \"surname\": \"Яковченко\", \"id_student\": 30, \"patronymic\": \"Александрович\"}]}, \"header\": \"Итоги контроля учебно-воспитательного процесса\", \"offset\": {\"subhead\": \"Зачет\", \"array_students\": [{\"date\": null, \"name\": \"Алина\", \"score\": null, \"surname\": \"Белая\", \"id_student\": 19, \"patronymic\": \"Юрьевна\"}, {\"date\": null, \"name\": \"Георгий\", \"score\": null, \"surname\": \"Гоик\", \"id_student\": 20, \"patronymic\": \"Дмитриевич\"}, {\"date\": null, \"name\": \"Данил\", \"score\": null, \"surname\": \"Гончаров\", \"id_student\": 21, \"patronymic\": \"Дмитриевич\"}, {\"date\": null, \"name\": \"Кирилл\", \"score\": null, \"surname\": \"Деркач\", \"id_student\": 22, \"patronymic\": \"Игоревич\"}, {\"date\": null, \"name\": \"Дмитрий\", \"score\": null, \"surname\": \"Лефтеров\", \"id_student\": 23, \"patronymic\": \"Дмитриевич\"}, {\"date\": null, \"name\": \"Полина\", \"score\": null, \"surname\": \"Пойденко\", \"id_student\": 24, \"patronymic\": \"Александровна\"}, {\"date\": null, \"name\": \"Максим\", \"score\": null, \"surname\": \"Рядко\", \"id_student\": 25, \"patronymic\": \"Алексеевич\"}, {\"date\": null, \"name\": \"Валерия\", \"score\": null, \"surname\": \"Савенкова\", \"id_student\": 26, \"patronymic\": \"Олеговна\"}, {\"date\": null, \"name\": \"Артем\", \"score\": null, \"surname\": \"Слободяник\", \"id_student\": 27, \"patronymic\": \"Игоревич\"}, {\"date\": null, \"name\": \"Михаил\", \"score\": null, \"surname\": \"Шевченко\", \"id_student\": 28, \"patronymic\": \"Владимирович\"}, {\"date\": null, \"name\": \"Богдан\", \"score\": null, \"surname\": \"Шестаков\", \"id_student\": 29, \"patronymic\": \"Андреевич\"}, {\"date\": null, \"name\": \"Артем\", \"score\": null, \"surname\": \"Яковченко\", \"id_student\": 30, \"patronymic\": \"Александрович\"}]}}}',NULL),(281,144,2,'{\"tasks\": [], \"header\": \"Лабораторные\", \"name_group\": \"ИСТ-19б\", \"other_types_control\": {\"header\": \"Другие виды контроля\", \"other_tasks\": [{\"name_control\": \" дефолтное задание1\", \"array_students\": [{\"date\": null, \"name\": \"Владислав\", \"score\": null, \"surname\": \"Бабичев\", \"id_student\": 31, \"patronymic\": \"Александрович\"}, {\"date\": null, \"name\": \"Илья\", \"score\": null, \"surname\": \"Гейвандов\", \"id_student\": 32, \"patronymic\": \"Романович\"}, {\"date\": null, \"name\": \"Владимир\", \"score\": null, \"surname\": \"Карпович\", \"id_student\": 33, \"patronymic\": \"Дмитриевич\"}, {\"date\": null, \"name\": \"Данил\", \"score\": null, \"surname\": \"Клюйко\", \"id_student\": 34, \"patronymic\": \"Андреевич\"}, {\"date\": null, \"name\": \"Виктор\", \"score\": null, \"surname\": \"Лисиченко\", \"id_student\": 35, \"patronymic\": \"Тимофеевич\"}, {\"date\": null, \"name\": \"Владислав\", \"score\": null, \"surname\": \"Моргунов\", \"id_student\": 36, \"patronymic\": \"Дмитриевич\"}, {\"date\": null, \"name\": \"Богдан\", \"score\": null, \"surname\": \"Шныра\", \"id_student\": 37, \"patronymic\": \"Олегович\"}, {\"date\": null, \"name\": \"Игорь\", \"score\": null, \"surname\": \"Агарков\", \"id_student\": 38, \"patronymic\": \"Анатольевич\"}]}]}, \"Control_educational_process\": {\"header\": \"Контроль учебно-воспитательного процесса\", \"passes\": {\"subhead\": \"Пропуски\", \"array_students\": [{\"date\": null, \"name\": \"Владислав\", \"count\": null, \"surname\": \"Бабичев\", \"id_student\": 31, \"patronymic\": \"Александрович\"}, {\"date\": null, \"name\": \"Илья\", \"count\": null, \"surname\": \"Гейвандов\", \"id_student\": 32, \"patronymic\": \"Романович\"}, {\"date\": null, \"name\": \"Владимир\", \"count\": null, \"surname\": \"Карпович\", \"id_student\": 33, \"patronymic\": \"Дмитриевич\"}, {\"date\": null, \"name\": \"Данил\", \"count\": null, \"surname\": \"Клюйко\", \"id_student\": 34, \"patronymic\": \"Андреевич\"}, {\"date\": null, \"name\": \"Виктор\", \"count\": null, \"surname\": \"Лисиченко\", \"id_student\": 35, \"patronymic\": \"Тимофеевич\"}, {\"date\": null, \"name\": \"Владислав\", \"count\": null, \"surname\": \"Моргунов\", \"id_student\": 36, \"patronymic\": \"Дмитриевич\"}, {\"date\": null, \"name\": \"Богдан\", \"count\": null, \"surname\": \"Шныра\", \"id_student\": 37, \"patronymic\": \"Олегович\"}, {\"date\": null, \"name\": \"Игорь\", \"count\": null, \"surname\": \"Агарков\", \"id_student\": 38, \"patronymic\": \"Анатольевич\"}]}, \"intersessional_control\": {\"subhead\": \"МСК\", \"array_students\": [{\"date\": null, \"name\": \"Владислав\", \"passage\": null, \"surname\": \"Бабичев\", \"id_student\": 31, \"patronymic\": \"Александрович\"}, {\"date\": null, \"name\": \"Илья\", \"passage\": null, \"surname\": \"Гейвандов\", \"id_student\": 32, \"patronymic\": \"Романович\"}, {\"date\": null, \"name\": \"Владимир\", \"passage\": null, \"surname\": \"Карпович\", \"id_student\": 33, \"patronymic\": \"Дмитриевич\"}, {\"date\": null, \"name\": \"Данил\", \"passage\": null, \"surname\": \"Клюйко\", \"id_student\": 34, \"patronymic\": \"Андреевич\"}, {\"date\": null, \"name\": \"Виктор\", \"passage\": null, \"surname\": \"Лисиченко\", \"id_student\": 35, \"patronymic\": \"Тимофеевич\"}, {\"date\": null, \"name\": \"Владислав\", \"passage\": null, \"surname\": \"Моргунов\", \"id_student\": 36, \"patronymic\": \"Дмитриевич\"}, {\"date\": null, \"name\": \"Богдан\", \"passage\": null, \"surname\": \"Шныра\", \"id_student\": 37, \"patronymic\": \"Олегович\"}, {\"date\": null, \"name\": \"Игорь\", \"passage\": null, \"surname\": \"Агарков\", \"id_student\": 38, \"patronymic\": \"Анатольевич\"}]}}, \"Results_control_educational_process\": {\"exam\": {\"subhead\": \"Экзамен\", \"array_students\": [{\"date\": null, \"name\": \"Владислав\", \"score\": null, \"surname\": \"Бабичев\", \"id_student\": 31, \"patronymic\": \"Александрович\"}, {\"date\": null, \"name\": \"Илья\", \"score\": null, \"surname\": \"Гейвандов\", \"id_student\": 32, \"patronymic\": \"Романович\"}, {\"date\": null, \"name\": \"Владимир\", \"score\": null, \"surname\": \"Карпович\", \"id_student\": 33, \"patronymic\": \"Дмитриевич\"}, {\"date\": null, \"name\": \"Данил\", \"score\": null, \"surname\": \"Клюйко\", \"id_student\": 34, \"patronymic\": \"Андреевич\"}, {\"date\": null, \"name\": \"Виктор\", \"score\": null, \"surname\": \"Лисиченко\", \"id_student\": 35, \"patronymic\": \"Тимофеевич\"}, {\"date\": null, \"name\": \"Владислав\", \"score\": null, \"surname\": \"Моргунов\", \"id_student\": 36, \"patronymic\": \"Дмитриевич\"}, {\"date\": null, \"name\": \"Богдан\", \"score\": null, \"surname\": \"Шныра\", \"id_student\": 37, \"patronymic\": \"Олегович\"}, {\"date\": null, \"name\": \"Игорь\", \"score\": null, \"surname\": \"Агарков\", \"id_student\": 38, \"patronymic\": \"Анатольевич\"}]}, \"header\": \"Итоги контроля учебно-воспитательного процесса\", \"offset\": {\"subhead\": \"Зачет\", \"array_students\": [{\"date\": null, \"name\": \"Владислав\", \"score\": null, \"surname\": \"Бабичев\", \"id_student\": 31, \"patronymic\": \"Александрович\"}, {\"date\": null, \"name\": \"Илья\", \"score\": null, \"surname\": \"Гейвандов\", \"id_student\": 32, \"patronymic\": \"Романович\"}, {\"date\": null, \"name\": \"Владимир\", \"score\": null, \"surname\": \"Карпович\", \"id_student\": 33, \"patronymic\": \"Дмитриевич\"}, {\"date\": null, \"name\": \"Данил\", \"score\": null, \"surname\": \"Клюйко\", \"id_student\": 34, \"patronymic\": \"Андреевич\"}, {\"date\": null, \"name\": \"Виктор\", \"score\": null, \"surname\": \"Лисиченко\", \"id_student\": 35, \"patronymic\": \"Тимофеевич\"}, {\"date\": null, \"name\": \"Владислав\", \"score\": null, \"surname\": \"Моргунов\", \"id_student\": 36, \"patronymic\": \"Дмитриевич\"}, {\"date\": null, \"name\": \"Богдан\", \"score\": null, \"surname\": \"Шныра\", \"id_student\": 37, \"patronymic\": \"Олегович\"}, {\"date\": null, \"name\": \"Игорь\", \"score\": null, \"surname\": \"Агарков\", \"id_student\": 38, \"patronymic\": \"Анатольевич\"}]}}}',NULL),(282,144,4,'{\"tasks\": [], \"header\": \"Лабораторные\", \"name_group\": \"БИ-19\", \"other_types_control\": {\"header\": \"Другие виды контроля\", \"other_tasks\": [{\"name_control\": \" дефолтное задание1\", \"array_students\": [{\"date\": null, \"name\": \"Артем\", \"score\": null, \"surname\": \"Головач\", \"id_student\": 130, \"patronymic\": \"Андреевич\"}]}]}, \"Control_educational_process\": {\"header\": \"Контроль учебно-воспитательного процесса\", \"passes\": {\"subhead\": \"Пропуски\", \"array_students\": [{\"date\": null, \"name\": \"Артем\", \"count\": null, \"surname\": \"Головач\", \"id_student\": 130, \"patronymic\": \"Андреевич\"}, {\"date\": null, \"name\": \"Даниил\", \"count\": null, \"surname\": \"Варанкин\", \"id_student\": 138, \"patronymic\": \"Вадимович\"}]}, \"intersessional_control\": {\"subhead\": \"МСК\", \"array_students\": [{\"date\": null, \"name\": \"Артем\", \"passage\": null, \"surname\": \"Головач\", \"id_student\": 130, \"patronymic\": \"Андреевич\"}, {\"date\": null, \"name\": \"Даниил\", \"passage\": null, \"surname\": \"Варанкин\", \"id_student\": 138, \"patronymic\": \"Вадимович\"}]}}, \"Results_control_educational_process\": {\"exam\": {\"subhead\": \"Экзамен\", \"array_students\": [{\"date\": null, \"name\": \"Артем\", \"score\": null, \"surname\": \"Головач\", \"id_student\": 130, \"patronymic\": \"Андреевич\"}, {\"date\": null, \"name\": \"Даниил\", \"score\": null, \"surname\": \"Варанкин\", \"id_student\": 138, \"patronymic\": \"Вадимович\"}]}, \"header\": \"Итоги контроля учебно-воспитательного процесса\", \"offset\": {\"subhead\": \"Зачет\", \"array_students\": [{\"date\": null, \"name\": \"Артем\", \"score\": null, \"surname\": \"Головач\", \"id_student\": 130, \"patronymic\": \"Андреевич\"}, {\"date\": null, \"name\": \"Даниил\", \"score\": null, \"surname\": \"Варанкин\", \"id_student\": 138, \"patronymic\": \"Вадимович\"}]}}}',NULL),(283,144,5,'{\"tasks\": [], \"header\": \"Лабораторные\", \"name_group\": \"КМД-19\", \"other_types_control\": {\"header\": \"Другие виды контроля\", \"other_tasks\": [{\"name_control\": \" дефолтное задание1\", \"array_students\": []}]}, \"Control_educational_process\": {\"header\": \"Контроль учебно-воспитательного процесса\", \"passes\": {\"subhead\": \"Пропуски\", \"array_students\": []}, \"intersessional_control\": {\"subhead\": \"МСК\", \"array_students\": []}}, \"Results_control_educational_process\": {\"exam\": {\"subhead\": \"Экзамен\", \"array_students\": []}, \"header\": \"Итоги контроля учебно-воспитательного процесса\", \"offset\": {\"subhead\": \"Зачет\", \"array_students\": []}}}',NULL),(284,145,1,'{\"tasks\": [], \"header\": \"Лабораторные\", \"name_group\": \"ИСТ-19а\", \"other_types_control\": {\"header\": \"Другие виды контроля\", \"other_tasks\": [{\"name_control\": \" дефолтное задание1\", \"array_students\": [{\"date\": null, \"name\": \"Алина\", \"score\": null, \"surname\": \"Белая\", \"id_student\": 19, \"patronymic\": \"Юрьевна\"}, {\"date\": null, \"name\": \"Георгий\", \"score\": null, \"surname\": \"Гоик\", \"id_student\": 20, \"patronymic\": \"Дмитриевич\"}, {\"date\": null, \"name\": \"Данил\", \"score\": null, \"surname\": \"Гончаров\", \"id_student\": 21, \"patronymic\": \"Дмитриевич\"}, {\"date\": null, \"name\": \"Кирилл\", \"score\": null, \"surname\": \"Деркач\", \"id_student\": 22, \"patronymic\": \"Игоревич\"}, {\"date\": null, \"name\": \"Дмитрий\", \"score\": null, \"surname\": \"Лефтеров\", \"id_student\": 23, \"patronymic\": \"Дмитриевич\"}, {\"date\": null, \"name\": \"Полина\", \"score\": null, \"surname\": \"Пойденко\", \"id_student\": 24, \"patronymic\": \"Александровна\"}, {\"date\": null, \"name\": \"Максим\", \"score\": null, \"surname\": \"Рядко\", \"id_student\": 25, \"patronymic\": \"Алексеевич\"}, {\"date\": null, \"name\": \"Валерия\", \"score\": null, \"surname\": \"Савенкова\", \"id_student\": 26, \"patronymic\": \"Олеговна\"}, {\"date\": null, \"name\": \"Артем\", \"score\": null, \"surname\": \"Слободяник\", \"id_student\": 27, \"patronymic\": \"Игоревич\"}, {\"date\": null, \"name\": \"Михаил\", \"score\": null, \"surname\": \"Шевченко\", \"id_student\": 28, \"patronymic\": \"Владимирович\"}, {\"date\": null, \"name\": \"Богдан\", \"score\": null, \"surname\": \"Шестаков\", \"id_student\": 29, \"patronymic\": \"Андреевич\"}, {\"date\": null, \"name\": \"Артем\", \"score\": null, \"surname\": \"Яковченко\", \"id_student\": 30, \"patronymic\": \"Александрович\"}]}]}, \"Control_educational_process\": {\"header\": \"Контроль учебно-воспитательного процесса\", \"passes\": {\"subhead\": \"Пропуски\", \"array_students\": [{\"date\": null, \"name\": \"Алина\", \"count\": null, \"surname\": \"Белая\", \"id_student\": 19, \"patronymic\": \"Юрьевна\"}, {\"date\": null, \"name\": \"Георгий\", \"count\": null, \"surname\": \"Гоик\", \"id_student\": 20, \"patronymic\": \"Дмитриевич\"}, {\"date\": null, \"name\": \"Данил\", \"count\": null, \"surname\": \"Гончаров\", \"id_student\": 21, \"patronymic\": \"Дмитриевич\"}, {\"date\": null, \"name\": \"Кирилл\", \"count\": null, \"surname\": \"Деркач\", \"id_student\": 22, \"patronymic\": \"Игоревич\"}, {\"date\": null, \"name\": \"Дмитрий\", \"count\": null, \"surname\": \"Лефтеров\", \"id_student\": 23, \"patronymic\": \"Дмитриевич\"}, {\"date\": null, \"name\": \"Полина\", \"count\": null, \"surname\": \"Пойденко\", \"id_student\": 24, \"patronymic\": \"Александровна\"}, {\"date\": null, \"name\": \"Максим\", \"count\": null, \"surname\": \"Рядко\", \"id_student\": 25, \"patronymic\": \"Алексеевич\"}, {\"date\": null, \"name\": \"Валерия\", \"count\": null, \"surname\": \"Савенкова\", \"id_student\": 26, \"patronymic\": \"Олеговна\"}, {\"date\": null, \"name\": \"Артем\", \"count\": null, \"surname\": \"Слободяник\", \"id_student\": 27, \"patronymic\": \"Игоревич\"}, {\"date\": null, \"name\": \"Михаил\", \"count\": null, \"surname\": \"Шевченко\", \"id_student\": 28, \"patronymic\": \"Владимирович\"}, {\"date\": null, \"name\": \"Богдан\", \"count\": null, \"surname\": \"Шестаков\", \"id_student\": 29, \"patronymic\": \"Андреевич\"}, {\"date\": null, \"name\": \"Артем\", \"count\": null, \"surname\": \"Яковченко\", \"id_student\": 30, \"patronymic\": \"Александрович\"}]}, \"intersessional_control\": {\"subhead\": \"МСК\", \"array_students\": [{\"date\": null, \"name\": \"Алина\", \"passage\": null, \"surname\": \"Белая\", \"id_student\": 19, \"patronymic\": \"Юрьевна\"}, {\"date\": null, \"name\": \"Георгий\", \"passage\": null, \"surname\": \"Гоик\", \"id_student\": 20, \"patronymic\": \"Дмитриевич\"}, {\"date\": null, \"name\": \"Данил\", \"passage\": null, \"surname\": \"Гончаров\", \"id_student\": 21, \"patronymic\": \"Дмитриевич\"}, {\"date\": null, \"name\": \"Кирилл\", \"passage\": null, \"surname\": \"Деркач\", \"id_student\": 22, \"patronymic\": \"Игоревич\"}, {\"date\": null, \"name\": \"Дмитрий\", \"passage\": null, \"surname\": \"Лефтеров\", \"id_student\": 23, \"patronymic\": \"Дмитриевич\"}, {\"date\": null, \"name\": \"Полина\", \"passage\": null, \"surname\": \"Пойденко\", \"id_student\": 24, \"patronymic\": \"Александровна\"}, {\"date\": null, \"name\": \"Максим\", \"passage\": null, \"surname\": \"Рядко\", \"id_student\": 25, \"patronymic\": \"Алексеевич\"}, {\"date\": null, \"name\": \"Валерия\", \"passage\": null, \"surname\": \"Савенкова\", \"id_student\": 26, \"patronymic\": \"Олеговна\"}, {\"date\": null, \"name\": \"Артем\", \"passage\": null, \"surname\": \"Слободяник\", \"id_student\": 27, \"patronymic\": \"Игоревич\"}, {\"date\": null, \"name\": \"Михаил\", \"passage\": null, \"surname\": \"Шевченко\", \"id_student\": 28, \"patronymic\": \"Владимирович\"}, {\"date\": null, \"name\": \"Богдан\", \"passage\": null, \"surname\": \"Шестаков\", \"id_student\": 29, \"patronymic\": \"Андреевич\"}, {\"date\": null, \"name\": \"Артем\", \"passage\": null, \"surname\": \"Яковченко\", \"id_student\": 30, \"patronymic\": \"Александрович\"}]}}, \"Results_control_educational_process\": {\"exam\": {\"subhead\": \"Экзамен\", \"array_students\": [{\"date\": null, \"name\": \"Алина\", \"score\": null, \"surname\": \"Белая\", \"id_student\": 19, \"patronymic\": \"Юрьевна\"}, {\"date\": null, \"name\": \"Георгий\", \"score\": null, \"surname\": \"Гоик\", \"id_student\": 20, \"patronymic\": \"Дмитриевич\"}, {\"date\": null, \"name\": \"Данил\", \"score\": null, \"surname\": \"Гончаров\", \"id_student\": 21, \"patronymic\": \"Дмитриевич\"}, {\"date\": null, \"name\": \"Кирилл\", \"score\": null, \"surname\": \"Деркач\", \"id_student\": 22, \"patronymic\": \"Игоревич\"}, {\"date\": null, \"name\": \"Дмитрий\", \"score\": null, \"surname\": \"Лефтеров\", \"id_student\": 23, \"patronymic\": \"Дмитриевич\"}, {\"date\": null, \"name\": \"Полина\", \"score\": null, \"surname\": \"Пойденко\", \"id_student\": 24, \"patronymic\": \"Александровна\"}, {\"date\": null, \"name\": \"Максим\", \"score\": null, \"surname\": \"Рядко\", \"id_student\": 25, \"patronymic\": \"Алексеевич\"}, {\"date\": null, \"name\": \"Валерия\", \"score\": null, \"surname\": \"Савенкова\", \"id_student\": 26, \"patronymic\": \"Олеговна\"}, {\"date\": null, \"name\": \"Артем\", \"score\": null, \"surname\": \"Слободяник\", \"id_student\": 27, \"patronymic\": \"Игоревич\"}, {\"date\": null, \"name\": \"Михаил\", \"score\": null, \"surname\": \"Шевченко\", \"id_student\": 28, \"patronymic\": \"Владимирович\"}, {\"date\": null, \"name\": \"Богдан\", \"score\": null, \"surname\": \"Шестаков\", \"id_student\": 29, \"patronymic\": \"Андреевич\"}, {\"date\": null, \"name\": \"Артем\", \"score\": null, \"surname\": \"Яковченко\", \"id_student\": 30, \"patronymic\": \"Александрович\"}]}, \"header\": \"Итоги контроля учебно-воспитательного процесса\", \"offset\": {\"subhead\": \"Зачет\", \"array_students\": [{\"date\": null, \"name\": \"Алина\", \"score\": null, \"surname\": \"Белая\", \"id_student\": 19, \"patronymic\": \"Юрьевна\"}, {\"date\": null, \"name\": \"Георгий\", \"score\": null, \"surname\": \"Гоик\", \"id_student\": 20, \"patronymic\": \"Дмитриевич\"}, {\"date\": null, \"name\": \"Данил\", \"score\": null, \"surname\": \"Гончаров\", \"id_student\": 21, \"patronymic\": \"Дмитриевич\"}, {\"date\": null, \"name\": \"Кирилл\", \"score\": null, \"surname\": \"Деркач\", \"id_student\": 22, \"patronymic\": \"Игоревич\"}, {\"date\": null, \"name\": \"Дмитрий\", \"score\": null, \"surname\": \"Лефтеров\", \"id_student\": 23, \"patronymic\": \"Дмитриевич\"}, {\"date\": null, \"name\": \"Полина\", \"score\": null, \"surname\": \"Пойденко\", \"id_student\": 24, \"patronymic\": \"Александровна\"}, {\"date\": null, \"name\": \"Максим\", \"score\": null, \"surname\": \"Рядко\", \"id_student\": 25, \"patronymic\": \"Алексеевич\"}, {\"date\": null, \"name\": \"Валерия\", \"score\": null, \"surname\": \"Савенкова\", \"id_student\": 26, \"patronymic\": \"Олеговна\"}, {\"date\": null, \"name\": \"Артем\", \"score\": null, \"surname\": \"Слободяник\", \"id_student\": 27, \"patronymic\": \"Игоревич\"}, {\"date\": null, \"name\": \"Михаил\", \"score\": null, \"surname\": \"Шевченко\", \"id_student\": 28, \"patronymic\": \"Владимирович\"}, {\"date\": null, \"name\": \"Богдан\", \"score\": null, \"surname\": \"Шестаков\", \"id_student\": 29, \"patronymic\": \"Андреевич\"}, {\"date\": null, \"name\": \"Артем\", \"score\": null, \"surname\": \"Яковченко\", \"id_student\": 30, \"patronymic\": \"Александрович\"}]}}}',NULL),(285,145,2,'{\"tasks\": [], \"header\": \"Лабораторные\", \"name_group\": \"ИСТ-19б\", \"other_types_control\": {\"header\": \"Другие виды контроля\", \"other_tasks\": [{\"name_control\": \" дефолтное задание1\", \"array_students\": [{\"date\": null, \"name\": \"Владислав\", \"score\": null, \"surname\": \"Бабичев\", \"id_student\": 31, \"patronymic\": \"Александрович\"}, {\"date\": null, \"name\": \"Илья\", \"score\": null, \"surname\": \"Гейвандов\", \"id_student\": 32, \"patronymic\": \"Романович\"}, {\"date\": null, \"name\": \"Владимир\", \"score\": null, \"surname\": \"Карпович\", \"id_student\": 33, \"patronymic\": \"Дмитриевич\"}, {\"date\": null, \"name\": \"Данил\", \"score\": null, \"surname\": \"Клюйко\", \"id_student\": 34, \"patronymic\": \"Андреевич\"}, {\"date\": null, \"name\": \"Виктор\", \"score\": null, \"surname\": \"Лисиченко\", \"id_student\": 35, \"patronymic\": \"Тимофеевич\"}, {\"date\": null, \"name\": \"Владислав\", \"score\": null, \"surname\": \"Моргунов\", \"id_student\": 36, \"patronymic\": \"Дмитриевич\"}, {\"date\": null, \"name\": \"Богдан\", \"score\": null, \"surname\": \"Шныра\", \"id_student\": 37, \"patronymic\": \"Олегович\"}, {\"date\": null, \"name\": \"Игорь\", \"score\": null, \"surname\": \"Агарков\", \"id_student\": 38, \"patronymic\": \"Анатольевич\"}]}]}, \"Control_educational_process\": {\"header\": \"Контроль учебно-воспитательного процесса\", \"passes\": {\"subhead\": \"Пропуски\", \"array_students\": [{\"date\": null, \"name\": \"Владислав\", \"count\": null, \"surname\": \"Бабичев\", \"id_student\": 31, \"patronymic\": \"Александрович\"}, {\"date\": null, \"name\": \"Илья\", \"count\": null, \"surname\": \"Гейвандов\", \"id_student\": 32, \"patronymic\": \"Романович\"}, {\"date\": null, \"name\": \"Владимир\", \"count\": null, \"surname\": \"Карпович\", \"id_student\": 33, \"patronymic\": \"Дмитриевич\"}, {\"date\": null, \"name\": \"Данил\", \"count\": null, \"surname\": \"Клюйко\", \"id_student\": 34, \"patronymic\": \"Андреевич\"}, {\"date\": null, \"name\": \"Виктор\", \"count\": null, \"surname\": \"Лисиченко\", \"id_student\": 35, \"patronymic\": \"Тимофеевич\"}, {\"date\": null, \"name\": \"Владислав\", \"count\": null, \"surname\": \"Моргунов\", \"id_student\": 36, \"patronymic\": \"Дмитриевич\"}, {\"date\": null, \"name\": \"Богдан\", \"count\": null, \"surname\": \"Шныра\", \"id_student\": 37, \"patronymic\": \"Олегович\"}, {\"date\": null, \"name\": \"Игорь\", \"count\": null, \"surname\": \"Агарков\", \"id_student\": 38, \"patronymic\": \"Анатольевич\"}]}, \"intersessional_control\": {\"subhead\": \"МСК\", \"array_students\": [{\"date\": null, \"name\": \"Владислав\", \"passage\": null, \"surname\": \"Бабичев\", \"id_student\": 31, \"patronymic\": \"Александрович\"}, {\"date\": null, \"name\": \"Илья\", \"passage\": null, \"surname\": \"Гейвандов\", \"id_student\": 32, \"patronymic\": \"Романович\"}, {\"date\": null, \"name\": \"Владимир\", \"passage\": null, \"surname\": \"Карпович\", \"id_student\": 33, \"patronymic\": \"Дмитриевич\"}, {\"date\": null, \"name\": \"Данил\", \"passage\": null, \"surname\": \"Клюйко\", \"id_student\": 34, \"patronymic\": \"Андреевич\"}, {\"date\": null, \"name\": \"Виктор\", \"passage\": null, \"surname\": \"Лисиченко\", \"id_student\": 35, \"patronymic\": \"Тимофеевич\"}, {\"date\": null, \"name\": \"Владислав\", \"passage\": null, \"surname\": \"Моргунов\", \"id_student\": 36, \"patronymic\": \"Дмитриевич\"}, {\"date\": null, \"name\": \"Богдан\", \"passage\": null, \"surname\": \"Шныра\", \"id_student\": 37, \"patronymic\": \"Олегович\"}, {\"date\": null, \"name\": \"Игорь\", \"passage\": null, \"surname\": \"Агарков\", \"id_student\": 38, \"patronymic\": \"Анатольевич\"}]}}, \"Results_control_educational_process\": {\"exam\": {\"subhead\": \"Экзамен\", \"array_students\": [{\"date\": null, \"name\": \"Владислав\", \"score\": null, \"surname\": \"Бабичев\", \"id_student\": 31, \"patronymic\": \"Александрович\"}, {\"date\": null, \"name\": \"Илья\", \"score\": null, \"surname\": \"Гейвандов\", \"id_student\": 32, \"patronymic\": \"Романович\"}, {\"date\": null, \"name\": \"Владимир\", \"score\": null, \"surname\": \"Карпович\", \"id_student\": 33, \"patronymic\": \"Дмитриевич\"}, {\"date\": null, \"name\": \"Данил\", \"score\": null, \"surname\": \"Клюйко\", \"id_student\": 34, \"patronymic\": \"Андреевич\"}, {\"date\": null, \"name\": \"Виктор\", \"score\": null, \"surname\": \"Лисиченко\", \"id_student\": 35, \"patronymic\": \"Тимофеевич\"}, {\"date\": null, \"name\": \"Владислав\", \"score\": null, \"surname\": \"Моргунов\", \"id_student\": 36, \"patronymic\": \"Дмитриевич\"}, {\"date\": null, \"name\": \"Богдан\", \"score\": null, \"surname\": \"Шныра\", \"id_student\": 37, \"patronymic\": \"Олегович\"}, {\"date\": null, \"name\": \"Игорь\", \"score\": null, \"surname\": \"Агарков\", \"id_student\": 38, \"patronymic\": \"Анатольевич\"}]}, \"header\": \"Итоги контроля учебно-воспитательного процесса\", \"offset\": {\"subhead\": \"Зачет\", \"array_students\": [{\"date\": null, \"name\": \"Владислав\", \"score\": null, \"surname\": \"Бабичев\", \"id_student\": 31, \"patronymic\": \"Александрович\"}, {\"date\": null, \"name\": \"Илья\", \"score\": null, \"surname\": \"Гейвандов\", \"id_student\": 32, \"patronymic\": \"Романович\"}, {\"date\": null, \"name\": \"Владимир\", \"score\": null, \"surname\": \"Карпович\", \"id_student\": 33, \"patronymic\": \"Дмитриевич\"}, {\"date\": null, \"name\": \"Данил\", \"score\": null, \"surname\": \"Клюйко\", \"id_student\": 34, \"patronymic\": \"Андреевич\"}, {\"date\": null, \"name\": \"Виктор\", \"score\": null, \"surname\": \"Лисиченко\", \"id_student\": 35, \"patronymic\": \"Тимофеевич\"}, {\"date\": null, \"name\": \"Владислав\", \"score\": null, \"surname\": \"Моргунов\", \"id_student\": 36, \"patronymic\": \"Дмитриевич\"}, {\"date\": null, \"name\": \"Богдан\", \"score\": null, \"surname\": \"Шныра\", \"id_student\": 37, \"patronymic\": \"Олегович\"}, {\"date\": null, \"name\": \"Игорь\", \"score\": null, \"surname\": \"Агарков\", \"id_student\": 38, \"patronymic\": \"Анатольевич\"}]}}}',NULL),(286,145,6,'{\"tasks\": [], \"header\": \"Лабораторные\", \"name_group\": \"ИСТ-19в\", \"other_types_control\": {\"header\": \"Другие виды контроля\", \"other_tasks\": [{\"name_control\": \" дефолтное задание1\", \"array_students\": []}]}, \"Control_educational_process\": {\"header\": \"Контроль учебно-воспитательного процесса\", \"passes\": {\"subhead\": \"Пропуски\", \"array_students\": []}, \"intersessional_control\": {\"subhead\": \"МСК\", \"array_students\": []}}, \"Results_control_educational_process\": {\"exam\": {\"subhead\": \"Экзамен\", \"array_students\": []}, \"header\": \"Итоги контроля учебно-воспитательного процесса\", \"offset\": {\"subhead\": \"Зачет\", \"array_students\": []}}}',NULL),(287,145,7,'{\"tasks\": [], \"header\": \"Лабораторные\", \"name_group\": \"ИСТ-19г\", \"other_types_control\": {\"header\": \"Другие виды контроля\", \"other_tasks\": [{\"name_control\": \" дефолтное задание1\", \"array_students\": []}]}, \"Control_educational_process\": {\"header\": \"Контроль учебно-воспитательного процесса\", \"passes\": {\"subhead\": \"Пропуски\", \"array_students\": []}, \"intersessional_control\": {\"subhead\": \"МСК\", \"array_students\": []}}, \"Results_control_educational_process\": {\"exam\": {\"subhead\": \"Экзамен\", \"array_students\": []}, \"header\": \"Итоги контроля учебно-воспитательного процесса\", \"offset\": {\"subhead\": \"Зачет\", \"array_students\": []}}}',NULL),(288,145,9,'{\"tasks\": [], \"header\": \"Лабораторные\", \"name_group\": \"ПИ-19\", \"other_types_control\": {\"header\": \"Другие виды контроля\", \"other_tasks\": [{\"name_control\": \" дефолтное задание1\", \"array_students\": []}]}, \"Control_educational_process\": {\"header\": \"Контроль учебно-воспитательного процесса\", \"passes\": {\"subhead\": \"Пропуски\", \"array_students\": []}, \"intersessional_control\": {\"subhead\": \"МСК\", \"array_students\": []}}, \"Results_control_educational_process\": {\"exam\": {\"subhead\": \"Экзамен\", \"array_students\": []}, \"header\": \"Итоги контроля учебно-воспитательного процесса\", \"offset\": {\"subhead\": \"Зачет\", \"array_students\": []}}}',NULL),(289,146,3,'{\"tasks\": [], \"header\": \"Лабораторные\", \"name_group\": \"АСУ-19\", \"other_types_control\": {\"header\": \"Другие виды контроля\", \"other_tasks\": [{\"name_control\": \" дефолтное задание1\", \"array_students\": [{\"date\": null, \"name\": \"Виталий\", \"score\": null, \"surname\": \"Бражников\", \"id_student\": 39, \"patronymic\": \"Андреевич\"}, {\"date\": null, \"name\": \"Денис\", \"score\": null, \"surname\": \"Дворников\", \"id_student\": 40, \"patronymic\": \"Евгеньевич\"}, {\"date\": null, \"name\": \"Егор\", \"score\": null, \"surname\": \"Дудник\", \"id_student\": 41, \"patronymic\": \"Витальевич\"}, {\"date\": null, \"name\": \"Дмитрий\", \"score\": null, \"surname\": \"Лунев\", \"id_student\": 42, \"patronymic\": \"Сергеевич\"}, {\"date\": null, \"name\": \"Мирослав\", \"score\": null, \"surname\": \"Павленко\", \"id_student\": 43, \"patronymic\": \"Сергеевич\"}, {\"date\": null, \"name\": \"Алексей\", \"score\": null, \"surname\": \"Пушкарь\", \"id_student\": 44, \"patronymic\": \"Дмитриевич\"}, {\"date\": null, \"name\": \"Леонид\", \"score\": null, \"surname\": \"Сыгинь\", \"id_student\": 45, \"patronymic\": \"Ярославович\"}, {\"date\": null, \"name\": \"Максим\", \"score\": null, \"surname\": \"Шевцов\", \"id_student\": 46, \"patronymic\": \"Викторович\"}, {\"date\": null, \"name\": \"Марк\", \"score\": null, \"surname\": \"Яковлев\", \"id_student\": 47, \"patronymic\": \"Юрьевич\"}, {\"date\": null, \"name\": \"Георгий\", \"score\": null, \"surname\": \"Ткаченко\", \"id_student\": 48, \"patronymic\": \"Александрович\"}]}]}, \"Control_educational_process\": {\"header\": \"Контроль учебно-воспитательного процесса\", \"passes\": {\"subhead\": \"Пропуски\", \"array_students\": [{\"date\": null, \"name\": \"Виталий\", \"count\": null, \"surname\": \"Бражников\", \"id_student\": 39, \"patronymic\": \"Андреевич\"}, {\"date\": null, \"name\": \"Денис\", \"count\": null, \"surname\": \"Дворников\", \"id_student\": 40, \"patronymic\": \"Евгеньевич\"}, {\"date\": null, \"name\": \"Егор\", \"count\": null, \"surname\": \"Дудник\", \"id_student\": 41, \"patronymic\": \"Витальевич\"}, {\"date\": null, \"name\": \"Дмитрий\", \"count\": null, \"surname\": \"Лунев\", \"id_student\": 42, \"patronymic\": \"Сергеевич\"}, {\"date\": null, \"name\": \"Мирослав\", \"count\": null, \"surname\": \"Павленко\", \"id_student\": 43, \"patronymic\": \"Сергеевич\"}, {\"date\": null, \"name\": \"Алексей\", \"count\": null, \"surname\": \"Пушкарь\", \"id_student\": 44, \"patronymic\": \"Дмитриевич\"}, {\"date\": null, \"name\": \"Леонид\", \"count\": null, \"surname\": \"Сыгинь\", \"id_student\": 45, \"patronymic\": \"Ярославович\"}, {\"date\": null, \"name\": \"Максим\", \"count\": null, \"surname\": \"Шевцов\", \"id_student\": 46, \"patronymic\": \"Викторович\"}, {\"date\": null, \"name\": \"Марк\", \"count\": null, \"surname\": \"Яковлев\", \"id_student\": 47, \"patronymic\": \"Юрьевич\"}, {\"date\": null, \"name\": \"Георгий\", \"count\": null, \"surname\": \"Ткаченко\", \"id_student\": 48, \"patronymic\": \"Александрович\"}]}, \"intersessional_control\": {\"subhead\": \"МСК\", \"array_students\": [{\"date\": null, \"name\": \"Виталий\", \"passage\": null, \"surname\": \"Бражников\", \"id_student\": 39, \"patronymic\": \"Андреевич\"}, {\"date\": null, \"name\": \"Денис\", \"passage\": null, \"surname\": \"Дворников\", \"id_student\": 40, \"patronymic\": \"Евгеньевич\"}, {\"date\": null, \"name\": \"Егор\", \"passage\": null, \"surname\": \"Дудник\", \"id_student\": 41, \"patronymic\": \"Витальевич\"}, {\"date\": null, \"name\": \"Дмитрий\", \"passage\": null, \"surname\": \"Лунев\", \"id_student\": 42, \"patronymic\": \"Сергеевич\"}, {\"date\": null, \"name\": \"Мирослав\", \"passage\": null, \"surname\": \"Павленко\", \"id_student\": 43, \"patronymic\": \"Сергеевич\"}, {\"date\": null, \"name\": \"Алексей\", \"passage\": null, \"surname\": \"Пушкарь\", \"id_student\": 44, \"patronymic\": \"Дмитриевич\"}, {\"date\": null, \"name\": \"Леонид\", \"passage\": null, \"surname\": \"Сыгинь\", \"id_student\": 45, \"patronymic\": \"Ярославович\"}, {\"date\": null, \"name\": \"Максим\", \"passage\": null, \"surname\": \"Шевцов\", \"id_student\": 46, \"patronymic\": \"Викторович\"}, {\"date\": null, \"name\": \"Марк\", \"passage\": null, \"surname\": \"Яковлев\", \"id_student\": 47, \"patronymic\": \"Юрьевич\"}, {\"date\": null, \"name\": \"Георгий\", \"passage\": null, \"surname\": \"Ткаченко\", \"id_student\": 48, \"patronymic\": \"Александрович\"}]}}, \"Results_control_educational_process\": {\"exam\": {\"subhead\": \"Экзамен\", \"array_students\": [{\"date\": null, \"name\": \"Виталий\", \"score\": null, \"surname\": \"Бражников\", \"id_student\": 39, \"patronymic\": \"Андреевич\"}, {\"date\": null, \"name\": \"Денис\", \"score\": null, \"surname\": \"Дворников\", \"id_student\": 40, \"patronymic\": \"Евгеньевич\"}, {\"date\": null, \"name\": \"Егор\", \"score\": null, \"surname\": \"Дудник\", \"id_student\": 41, \"patronymic\": \"Витальевич\"}, {\"date\": null, \"name\": \"Дмитрий\", \"score\": null, \"surname\": \"Лунев\", \"id_student\": 42, \"patronymic\": \"Сергеевич\"}, {\"date\": null, \"name\": \"Мирослав\", \"score\": null, \"surname\": \"Павленко\", \"id_student\": 43, \"patronymic\": \"Сергеевич\"}, {\"date\": null, \"name\": \"Алексей\", \"score\": null, \"surname\": \"Пушкарь\", \"id_student\": 44, \"patronymic\": \"Дмитриевич\"}, {\"date\": null, \"name\": \"Леонид\", \"score\": null, \"surname\": \"Сыгинь\", \"id_student\": 45, \"patronymic\": \"Ярославович\"}, {\"date\": null, \"name\": \"Максим\", \"score\": null, \"surname\": \"Шевцов\", \"id_student\": 46, \"patronymic\": \"Викторович\"}, {\"date\": null, \"name\": \"Марк\", \"score\": null, \"surname\": \"Яковлев\", \"id_student\": 47, \"patronymic\": \"Юрьевич\"}, {\"date\": null, \"name\": \"Георгий\", \"score\": null, \"surname\": \"Ткаченко\", \"id_student\": 48, \"patronymic\": \"Александрович\"}]}, \"header\": \"Итоги контроля учебно-воспитательного процесса\", \"offset\": {\"subhead\": \"Зачет\", \"array_students\": [{\"date\": null, \"name\": \"Виталий\", \"score\": null, \"surname\": \"Бражников\", \"id_student\": 39, \"patronymic\": \"Андреевич\"}, {\"date\": null, \"name\": \"Денис\", \"score\": null, \"surname\": \"Дворников\", \"id_student\": 40, \"patronymic\": \"Евгеньевич\"}, {\"date\": null, \"name\": \"Егор\", \"score\": null, \"surname\": \"Дудник\", \"id_student\": 41, \"patronymic\": \"Витальевич\"}, {\"date\": null, \"name\": \"Дмитрий\", \"score\": null, \"surname\": \"Лунев\", \"id_student\": 42, \"patronymic\": \"Сергеевич\"}, {\"date\": null, \"name\": \"Мирослав\", \"score\": null, \"surname\": \"Павленко\", \"id_student\": 43, \"patronymic\": \"Сергеевич\"}, {\"date\": null, \"name\": \"Алексей\", \"score\": null, \"surname\": \"Пушкарь\", \"id_student\": 44, \"patronymic\": \"Дмитриевич\"}, {\"date\": null, \"name\": \"Леонид\", \"score\": null, \"surname\": \"Сыгинь\", \"id_student\": 45, \"patronymic\": \"Ярославович\"}, {\"date\": null, \"name\": \"Максим\", \"score\": null, \"surname\": \"Шевцов\", \"id_student\": 46, \"patronymic\": \"Викторович\"}, {\"date\": null, \"name\": \"Марк\", \"score\": null, \"surname\": \"Яковлев\", \"id_student\": 47, \"patronymic\": \"Юрьевич\"}, {\"date\": null, \"name\": \"Георгий\", \"score\": null, \"surname\": \"Ткаченко\", \"id_student\": 48, \"patronymic\": \"Александрович\"}]}}}',NULL);
/*!40000 ALTER TABLE `log_group` ENABLE KEYS */;
UNLOCK TABLES;

--
-- Table structure for table `position_teacher`
--

DROP TABLE IF EXISTS `position_teacher`;
/*!40101 SET @saved_cs_client     = @@character_set_client */;
/*!50503 SET character_set_client = utf8mb4 */;
CREATE TABLE `position_teacher` (
  `id` int NOT NULL AUTO_INCREMENT,
  `id_teacher_x` int DEFAULT NULL,
  `id_workes_db_univ` int DEFAULT NULL,
  PRIMARY KEY (`id`),
  KEY `id_teacher_idx` (`id_teacher_x`),
  KEY `id_workes_db_univ_idx` (`id_workes_db_univ`),
  CONSTRAINT `id_teacher_x` FOREIGN KEY (`id_teacher_x`) REFERENCES `teacher` (`id`) ON DELETE CASCADE ON UPDATE CASCADE,
  CONSTRAINT `id_workes_db_univ` FOREIGN KEY (`id_workes_db_univ`) REFERENCES `dbuniversity`.`workes` (`id`) ON UPDATE CASCADE
) ENGINE=InnoDB AUTO_INCREMENT=27 DEFAULT CHARSET=utf8mb4 COLLATE=utf8mb4_0900_ai_ci;
/*!40101 SET character_set_client = @saved_cs_client */;

--
-- Dumping data for table `position_teacher`
--

LOCK TABLES `position_teacher` WRITE;
/*!40000 ALTER TABLE `position_teacher` DISABLE KEYS */;
INSERT INTO `position_teacher` VALUES (1,9,7),(2,10,8),(3,11,9),(4,9,16),(16,73,10),(17,73,15),(18,74,11),(19,75,12),(20,76,13),(21,77,14),(22,78,17),(23,79,18),(24,80,19);
/*!40000 ALTER TABLE `position_teacher` ENABLE KEYS */;
UNLOCK TABLES;

--
-- Table structure for table `posts`
--

DROP TABLE IF EXISTS `posts`;
/*!40101 SET @saved_cs_client     = @@character_set_client */;
/*!50503 SET character_set_client = utf8mb4 */;
CREATE TABLE `posts` (
  `id` int NOT NULL AUTO_INCREMENT,
  `id_disc_flow` int DEFAULT NULL,
  `id_teacher_creator` int DEFAULT NULL,
  `date_create_post` datetime DEFAULT NULL,
  `id_type_post` int DEFAULT NULL,
  `text` longtext,
  `folder` varchar(255) DEFAULT NULL,
  `attendance_button` tinyint DEFAULT NULL,
  `date_end_button` datetime DEFAULT NULL,
  `id_type_class` int DEFAULT NULL,
  `date_class` date DEFAULT NULL,
  `id_log_disc_flow` int DEFAULT NULL,
  `edit` tinyint DEFAULT '0',
  PRIMARY KEY (`id`),
  KEY `id_disc_flow_kk_idx` (`id_disc_flow`),
  KEY `id_teacher_creator_kk_idx` (`id_teacher_creator`),
  KEY `id_type_post_idx` (`id_type_post`),
  KEY `id_type_class_idx` (`id_type_class`),
  KEY `id_log_disc_flow_k_idx` (`id_log_disc_flow`),
  CONSTRAINT `id_disc_flow_kk` FOREIGN KEY (`id_disc_flow`) REFERENCES `discipline_flow` (`id`) ON DELETE CASCADE ON UPDATE CASCADE,
  CONSTRAINT `id_log_disc_flow_k` FOREIGN KEY (`id_log_disc_flow`) REFERENCES `log_disc_flow` (`id`) ON UPDATE CASCADE,
  CONSTRAINT `id_teacher_creator_kk` FOREIGN KEY (`id_teacher_creator`) REFERENCES `teacher` (`id`) ON DELETE CASCADE ON UPDATE CASCADE,
  CONSTRAINT `id_type_class` FOREIGN KEY (`id_type_class`) REFERENCES `type_class` (`id`) ON DELETE CASCADE ON UPDATE CASCADE,
  CONSTRAINT `id_type_post` FOREIGN KEY (`id_type_post`) REFERENCES `type_post` (`id`) ON DELETE CASCADE ON UPDATE CASCADE
) ENGINE=InnoDB AUTO_INCREMENT=49 DEFAULT CHARSET=utf8mb4 COLLATE=utf8mb4_0900_ai_ci;
/*!40101 SET character_set_client = @saved_cs_client */;

--
-- Dumping data for table `posts`
--

LOCK TABLES `posts` WRITE;
/*!40000 ALTER TABLE `posts` DISABLE KEYS */;
/*!40000 ALTER TABLE `posts` ENABLE KEYS */;
UNLOCK TABLES;

--
-- Table structure for table `registration`
--

DROP TABLE IF EXISTS `registration`;
/*!40101 SET @saved_cs_client     = @@character_set_client */;
/*!50503 SET character_set_client = utf8mb4 */;
CREATE TABLE `registration` (
  `id` int NOT NULL AUTO_INCREMENT,
  `id_user` int NOT NULL,
  `id_role_user` int NOT NULL,
  `email` varchar(100) NOT NULL,
  `login` varchar(100) NOT NULL,
  `password` varchar(100) NOT NULL,
  `date_registration` date NOT NULL,
  PRIMARY KEY (`id`),
  KEY `id_userfkf_idx` (`id_user`),
  KEY `id_role_user_idx` (`id_role_user`),
  CONSTRAINT `id_role_user` FOREIGN KEY (`id_role_user`) REFERENCES `role_user` (`id`) ON UPDATE CASCADE,
  CONSTRAINT `id_user_x` FOREIGN KEY (`id_user`) REFERENCES `user` (`id`) ON DELETE CASCADE ON UPDATE CASCADE
) ENGINE=InnoDB AUTO_INCREMENT=156 DEFAULT CHARSET=utf8mb4 COLLATE=utf8mb4_0900_ai_ci;
/*!40101 SET character_set_client = @saved_cs_client */;

--
-- Dumping data for table `registration`
--

LOCK TABLES `registration` WRITE;
/*!40000 ALTER TABLE `registration` DISABLE KEYS */;
INSERT INTO `registration` VALUES (19,16,1,'registemail1@gmail.com','login1','password1','2023-05-02'),(20,17,1,'registemail2@gmail.com','login2','password2','2023-05-02'),(21,18,1,'registemail3@gmail.com','login3','password3','2023-05-02'),(22,19,1,'registemail4@gmail.com','login4','password4','2023-05-02'),(23,20,1,'registemail5@gmail.com','login5','password5','2023-05-02'),(24,21,1,'registemail6@gmail.com','login6','password6','2023-05-02'),(25,22,1,'registemail7@gmail.com','login7','password7','2023-05-02'),(26,23,1,'registemail8@gmail.com','login8','password8','2023-05-02'),(27,24,1,'registemail9@gmail.com','login9','password9','2023-05-02'),(28,25,1,'registemail10@gmail.com','login10','password10','2023-05-02'),(29,26,1,'registemail11@gmail.com','login11','password11','2023-05-02'),(30,27,1,'registemail12@gmail.com','login12','password12','2023-05-02'),(31,31,1,'registemail13@gmail.com','login13','password13','2023-05-02'),(32,32,1,'registemail14@gmail.com','login14','password14','2023-05-02'),(33,33,1,'registemail15@gmail.com','login15','password15','2023-05-02'),(34,34,1,'registemail16@gmail.com','login16','password16','2023-05-02'),(35,35,1,'registemail17@gmail.com','login17','password17','2023-05-02'),(36,36,1,'registemail18@gmail.com','login18','password18','2023-05-02'),(37,37,1,'registemail19@gmail.com','login19','password19','2023-05-02'),(38,38,1,'registemail20@gmail.com','login20','password20','2023-05-02'),(39,39,5,'registemail21@gmail.com','login21','password21','2023-05-02'),(40,40,5,'registemail22@gmail.com','login22','password22','2023-05-02'),(41,41,5,'registemail23@gmail.com','login23','password23','2023-05-02'),(46,59,5,'emailsekirin@gmail.com','loginsekirin','password25','2023-05-03'),(47,61,1,'registemail24@gmail.com','login24','password26','2023-05-03'),(48,62,1,'registemail25@gmail.com','login25','password27','2023-05-03'),(49,63,1,'registemail26@gmail.com','login26','password28','2023-05-03'),(50,64,1,'registemail27@gmail.com','login27','password29','2023-05-03'),(51,65,1,'registemail28@gmail.com','login28','password30','2023-05-03'),(52,66,1,'registemail29@gmail.com','login29','password31','2023-05-03'),(53,67,1,'registemail30@gmail.com','login30','password32','2023-05-03'),(54,68,1,'registemail31@gmail.com','login31','password33','2023-05-03'),(55,69,1,'registemail32@gmail.com','login32','password34','2023-05-03'),(56,70,1,'registemail33@gmail.com','login33','password35','2023-05-03'),(57,78,5,'registemail34@gmail.com','login34','password36','2023-05-03'),(58,71,5,'registemail35@gmail.com','login35','password37','2023-05-03'),(59,72,5,'registemail36@gmail.com','login36','password38','2023-05-03'),(60,73,5,'registemail37@gmail.com','login37','password39','2023-05-03'),(61,74,5,'registemail38@gmail.com','login38','password40','2023-05-03'),(62,75,5,'registemail39@gmail.com','login39','password41','2023-05-03'),(63,76,5,'registemail40@gmail.com','login40','password42','2023-05-03'),(147,162,1,'emailgolov@gmail.com','logingolov','passwordgolov','2023-05-27'),(155,170,1,'emailvarankin@gmail.com','loginvarankin','passwordloginvarankin','2023-05-21');
/*!40000 ALTER TABLE `registration` ENABLE KEYS */;
UNLOCK TABLES;

--
-- Table structure for table `role_user`
--

DROP TABLE IF EXISTS `role_user`;
/*!40101 SET @saved_cs_client     = @@character_set_client */;
/*!50503 SET character_set_client = utf8mb4 */;
CREATE TABLE `role_user` (
  `id` int NOT NULL AUTO_INCREMENT,
  `name` varchar(45) NOT NULL,
  `id_role_db_univ` int DEFAULT NULL,
  PRIMARY KEY (`id`),
  KEY `id_role_from_dbunivers_idx` (`id_role_db_univ`),
  CONSTRAINT `id_role_db_univ` FOREIGN KEY (`id_role_db_univ`) REFERENCES `dbuniversity`.`role` (`id`) ON DELETE RESTRICT ON UPDATE CASCADE
) ENGINE=InnoDB AUTO_INCREMENT=8 DEFAULT CHARSET=utf8mb4 COLLATE=utf8mb4_0900_ai_ci;
/*!40101 SET character_set_client = @saved_cs_client */;

--
-- Dumping data for table `role_user`
--

LOCK TABLES `role_user` WRITE;
/*!40000 ALTER TABLE `role_user` DISABLE KEYS */;
INSERT INTO `role_user` VALUES (1,'студент',NULL),(4,'сотрудник',1),(5,'преподаватель',2);
/*!40000 ALTER TABLE `role_user` ENABLE KEYS */;
UNLOCK TABLES;

--
-- Table structure for table `student`
--

DROP TABLE IF EXISTS `student`;
/*!40101 SET @saved_cs_client     = @@character_set_client */;
/*!50503 SET character_set_client = utf8mb4 */;
CREATE TABLE `student` (
  `id` int NOT NULL AUTO_INCREMENT,
  `id_user` int DEFAULT NULL,
  PRIMARY KEY (`id`),
  KEY `id_user_idx` (`id_user`),
  CONSTRAINT `id_user` FOREIGN KEY (`id_user`) REFERENCES `user` (`id`) ON DELETE CASCADE ON UPDATE CASCADE
) ENGINE=InnoDB AUTO_INCREMENT=139 DEFAULT CHARSET=utf8mb4 COLLATE=utf8mb4_0900_ai_ci;
/*!40101 SET character_set_client = @saved_cs_client */;

--
-- Dumping data for table `student`
--

LOCK TABLES `student` WRITE;
/*!40000 ALTER TABLE `student` DISABLE KEYS */;
INSERT INTO `student` VALUES (19,16),(20,17),(21,18),(22,19),(23,20),(24,21),(25,22),(26,23),(27,24),(28,25),(29,26),(30,27),(31,31),(32,32),(33,33),(34,34),(35,35),(36,36),(37,37),(38,38),(39,61),(40,62),(41,63),(42,64),(43,65),(44,66),(45,67),(46,68),(47,69),(48,70),(130,162),(138,170);
/*!40000 ALTER TABLE `student` ENABLE KEYS */;
UNLOCK TABLES;

--
-- Table structure for table `teacher`
--

DROP TABLE IF EXISTS `teacher`;
/*!40101 SET @saved_cs_client     = @@character_set_client */;
/*!50503 SET character_set_client = utf8mb4 */;
CREATE TABLE `teacher` (
  `id` int NOT NULL AUTO_INCREMENT,
  `id_user` int NOT NULL,
  PRIMARY KEY (`id`),
  KEY `id_user_idx` (`id_user`),
  CONSTRAINT `id_userfk` FOREIGN KEY (`id_user`) REFERENCES `user` (`id`) ON DELETE CASCADE ON UPDATE CASCADE
) ENGINE=InnoDB AUTO_INCREMENT=83 DEFAULT CHARSET=utf8mb4 COLLATE=utf8mb4_0900_ai_ci;
/*!40101 SET character_set_client = @saved_cs_client */;

--
-- Dumping data for table `teacher`
--

LOCK TABLES `teacher` WRITE;
/*!40000 ALTER TABLE `teacher` DISABLE KEYS */;
INSERT INTO `teacher` VALUES (9,39),(10,40),(11,41),(73,59),(75,71),(76,72),(77,73),(78,74),(79,75),(80,76),(74,78);
/*!40000 ALTER TABLE `teacher` ENABLE KEYS */;
UNLOCK TABLES;

--
-- Table structure for table `teacher_discipline`
--

DROP TABLE IF EXISTS `teacher_discipline`;
/*!40101 SET @saved_cs_client     = @@character_set_client */;
/*!50503 SET character_set_client = utf8mb4 */;
CREATE TABLE `teacher_discipline` (
  `id` int NOT NULL AUTO_INCREMENT,
  `id_discipline_flow` int DEFAULT NULL,
  `id_teacher` int DEFAULT NULL,
  PRIMARY KEY (`id`),
  KEY `id_discipline_flow_idx` (`id_discipline_flow`),
  KEY `id_teacher_idx` (`id_teacher`),
  CONSTRAINT `id_discipline_flow` FOREIGN KEY (`id_discipline_flow`) REFERENCES `discipline_flow` (`id`) ON DELETE CASCADE ON UPDATE CASCADE,
  CONSTRAINT `id_teacherfk` FOREIGN KEY (`id_teacher`) REFERENCES `teacher` (`id`) ON DELETE RESTRICT ON UPDATE CASCADE
) ENGINE=InnoDB AUTO_INCREMENT=47 DEFAULT CHARSET=utf8mb4 COLLATE=utf8mb4_0900_ai_ci;
/*!40101 SET character_set_client = @saved_cs_client */;

--
-- Dumping data for table `teacher_discipline`
--

LOCK TABLES `teacher_discipline` WRITE;
/*!40000 ALTER TABLE `teacher_discipline` DISABLE KEYS */;
INSERT INTO `teacher_discipline` VALUES (30,22,10),(31,22,80),(33,25,10),(34,25,76),(35,28,10),(36,30,11),(37,30,73),(38,31,9),(39,31,11),(40,32,9),(41,32,10),(42,33,80),(46,34,76);
/*!40000 ALTER TABLE `teacher_discipline` ENABLE KEYS */;
UNLOCK TABLES;

--
-- Table structure for table `tokens_authorization`
--

DROP TABLE IF EXISTS `tokens_authorization`;
/*!40101 SET @saved_cs_client     = @@character_set_client */;
/*!50503 SET character_set_client = utf8mb4 */;
CREATE TABLE `tokens_authorization` (
  `id` int NOT NULL AUTO_INCREMENT,
  `id_registration` int DEFAULT NULL,
  `platform` varchar(100) DEFAULT NULL,
  `mobile` tinyint DEFAULT NULL,
  `brand` varchar(45) DEFAULT NULL,
  `version_brand` varchar(45) DEFAULT NULL,
  `data_save_note` date DEFAULT NULL,
  `token` longtext,
  PRIMARY KEY (`id`),
  KEY `id_registration_idx` (`id_registration`),
  CONSTRAINT `id_registration` FOREIGN KEY (`id_registration`) REFERENCES `registration` (`id`) ON DELETE CASCADE ON UPDATE CASCADE
) ENGINE=InnoDB AUTO_INCREMENT=24 DEFAULT CHARSET=utf8mb4 COLLATE=utf8mb4_0900_ai_ci;
/*!40101 SET character_set_client = @saved_cs_client */;

--
-- Dumping data for table `tokens_authorization`
--

LOCK TABLES `tokens_authorization` WRITE;
/*!40000 ALTER TABLE `tokens_authorization` DISABLE KEYS */;
INSERT INTO `tokens_authorization` VALUES (3,39,'Windows',0,'Opera GX','97','2023-05-28','eyJ0eXAiOiJKV1QiLCJhbGciOiJIUzI1NiJ9.eyJpZF91c2VyIjozOSwiaWRfdGVhY2hlcl9zdHVkZW50Ijo5LCJpZF9yb2xlX3VzZXIiOjV9.jzjsKW0Tkc7rn1UC4A068urhPF6r7f96ytL8zmHuxBY='),(21,40,'Windows',0,'Opera GX','97','2023-05-10','eyJ0eXAiOiJKV1QiLCJhbGciOiJIUzI1NiJ9.eyJpZF91c2VyIjo0MCwiaWRfdGVhY2hlcl9zdHVkZW50IjoxMCwiaWRfcm9sZV91c2VyIjo1fQ==.LuPJy9TxIDjUusOUxDNT93Ge9yRb8vm2fmRAKo87MUA='),(23,39,'Windows',0,'Chromium','103','2023-05-28','eyJ0eXAiOiJKV1QiLCJhbGciOiJIUzI1NiJ9.eyJpZF91c2VyIjozOSwiaWRfdGVhY2hlcl9zdHVkZW50Ijo5LCJpZF9yb2xlX3VzZXIiOjV9.Rk6T4mcQkpuHZ8dv1+uY9PZjDXhuVV2AOhzXMqaTESE=');
/*!40000 ALTER TABLE `tokens_authorization` ENABLE KEYS */;
UNLOCK TABLES;

--
-- Table structure for table `type_assessment`
--

DROP TABLE IF EXISTS `type_assessment`;
/*!40101 SET @saved_cs_client     = @@character_set_client */;
/*!50503 SET character_set_client = utf8mb4 */;
CREATE TABLE `type_assessment` (
  `id` int NOT NULL AUTO_INCREMENT,
  `name` varchar(45) DEFAULT NULL,
  PRIMARY KEY (`id`)
) ENGINE=InnoDB AUTO_INCREMENT=3 DEFAULT CHARSET=utf8mb4 COLLATE=utf8mb4_0900_ai_ci;
/*!40101 SET character_set_client = @saved_cs_client */;

--
-- Dumping data for table `type_assessment`
--

LOCK TABLES `type_assessment` WRITE;
/*!40000 ALTER TABLE `type_assessment` DISABLE KEYS */;
INSERT INTO `type_assessment` VALUES (1,'оценка'),(2,'балл(-ов)');
/*!40000 ALTER TABLE `type_assessment` ENABLE KEYS */;
UNLOCK TABLES;

--
-- Table structure for table `type_class`
--

DROP TABLE IF EXISTS `type_class`;
/*!40101 SET @saved_cs_client     = @@character_set_client */;
/*!50503 SET character_set_client = utf8mb4 */;
CREATE TABLE `type_class` (
  `id` int NOT NULL AUTO_INCREMENT,
  `short_name` varchar(45) DEFAULT NULL,
  `full_name` varchar(45) DEFAULT NULL,
  PRIMARY KEY (`id`)
) ENGINE=InnoDB AUTO_INCREMENT=4 DEFAULT CHARSET=utf8mb4 COLLATE=utf8mb4_0900_ai_ci;
/*!40101 SET character_set_client = @saved_cs_client */;

--
-- Dumping data for table `type_class`
--

LOCK TABLES `type_class` WRITE;
/*!40000 ALTER TABLE `type_class` DISABLE KEYS */;
INSERT INTO `type_class` VALUES (1,'Л','Лекция'),(2,'Лб','Лабораторная работа'),(3,'Кр','Контрольная работа');
/*!40000 ALTER TABLE `type_class` ENABLE KEYS */;
UNLOCK TABLES;

--
-- Table structure for table `type_execution`
--

DROP TABLE IF EXISTS `type_execution`;
/*!40101 SET @saved_cs_client     = @@character_set_client */;
/*!50503 SET character_set_client = utf8mb4 */;
CREATE TABLE `type_execution` (
  `id` int NOT NULL AUTO_INCREMENT,
  `name` varchar(45) DEFAULT NULL,
  PRIMARY KEY (`id`)
) ENGINE=InnoDB AUTO_INCREMENT=5 DEFAULT CHARSET=utf8mb4 COLLATE=utf8mb4_0900_ai_ci;
/*!40101 SET character_set_client = @saved_cs_client */;

--
-- Dumping data for table `type_execution`
--

LOCK TABLES `type_execution` WRITE;
/*!40000 ALTER TABLE `type_execution` DISABLE KEYS */;
INSERT INTO `type_execution` VALUES (1,'назначено'),(2,'сдано'),(3,'с оценкой'),(4,'доработать');
/*!40000 ALTER TABLE `type_execution` ENABLE KEYS */;
UNLOCK TABLES;

--
-- Table structure for table `type_log`
--

DROP TABLE IF EXISTS `type_log`;
/*!40101 SET @saved_cs_client     = @@character_set_client */;
/*!50503 SET character_set_client = utf8mb4 */;
CREATE TABLE `type_log` (
  `id` int NOT NULL AUTO_INCREMENT,
  `name` varchar(255) DEFAULT NULL,
  PRIMARY KEY (`id`)
) ENGINE=InnoDB AUTO_INCREMENT=3 DEFAULT CHARSET=utf8mb4 COLLATE=utf8mb4_0900_ai_ci;
/*!40101 SET character_set_client = @saved_cs_client */;

--
-- Dumping data for table `type_log`
--

LOCK TABLES `type_log` WRITE;
/*!40000 ALTER TABLE `type_log` DISABLE KEYS */;
INSERT INTO `type_log` VALUES (1,'посещаемости'),(2,'успеваемости');
/*!40000 ALTER TABLE `type_log` ENABLE KEYS */;
UNLOCK TABLES;

--
-- Table structure for table `type_material`
--

DROP TABLE IF EXISTS `type_material`;
/*!40101 SET @saved_cs_client     = @@character_set_client */;
/*!50503 SET character_set_client = utf8mb4 */;
CREATE TABLE `type_material` (
  `id` int NOT NULL AUTO_INCREMENT,
  `name` varchar(45) DEFAULT NULL,
  PRIMARY KEY (`id`)
) ENGINE=InnoDB AUTO_INCREMENT=3 DEFAULT CHARSET=utf8mb4 COLLATE=utf8mb4_0900_ai_ci;
/*!40101 SET character_set_client = @saved_cs_client */;

--
-- Dumping data for table `type_material`
--

LOCK TABLES `type_material` WRITE;
/*!40000 ALTER TABLE `type_material` DISABLE KEYS */;
INSERT INTO `type_material` VALUES (1,'Лабораторная'),(2,'Лекция');
/*!40000 ALTER TABLE `type_material` ENABLE KEYS */;
UNLOCK TABLES;

--
-- Table structure for table `type_post`
--

DROP TABLE IF EXISTS `type_post`;
/*!40101 SET @saved_cs_client     = @@character_set_client */;
/*!50503 SET character_set_client = utf8mb4 */;
CREATE TABLE `type_post` (
  `id` int NOT NULL AUTO_INCREMENT,
  `name` varchar(255) DEFAULT NULL,
  PRIMARY KEY (`id`)
) ENGINE=InnoDB AUTO_INCREMENT=3 DEFAULT CHARSET=utf8mb4 COLLATE=utf8mb4_0900_ai_ci;
/*!40101 SET character_set_client = @saved_cs_client */;

--
-- Dumping data for table `type_post`
--

LOCK TABLES `type_post` WRITE;
/*!40000 ALTER TABLE `type_post` DISABLE KEYS */;
INSERT INTO `type_post` VALUES (1,'сообщение'),(2,'уведомление');
/*!40000 ALTER TABLE `type_post` ENABLE KEYS */;
UNLOCK TABLES;

--
-- Table structure for table `user`
--

DROP TABLE IF EXISTS `user`;
/*!40101 SET @saved_cs_client     = @@character_set_client */;
/*!50503 SET character_set_client = utf8mb4 */;
CREATE TABLE `user` (
  `id` int NOT NULL AUTO_INCREMENT,
  `surname` varchar(100) NOT NULL,
  `name` varchar(100) NOT NULL,
  `patronymic` varchar(100) DEFAULT NULL,
  `email` varchar(45) DEFAULT NULL,
  `phone` varchar(45) DEFAULT NULL,
  `id_human_db_univ` int DEFAULT NULL,
  PRIMARY KEY (`id`),
  KEY `id_human_db_univ_idx` (`id_human_db_univ`),
  CONSTRAINT `id_human_db_univ` FOREIGN KEY (`id_human_db_univ`) REFERENCES `dbuniversity`.`human` (`id`) ON DELETE RESTRICT ON UPDATE CASCADE
) ENGINE=InnoDB AUTO_INCREMENT=171 DEFAULT CHARSET=utf8mb4 COLLATE=utf8mb4_0900_ai_ci;
/*!40101 SET character_set_client = @saved_cs_client */;

--
-- Dumping data for table `user`
--

LOCK TABLES `user` WRITE;
/*!40000 ALTER TABLE `user` DISABLE KEYS */;
INSERT INTO `user` VALUES (16,'Белая','Алина','Юрьевна','email@gmail.com','79491231122',11),(17,'Гоик','Георгий','Дмитриевич','email2@gmail.com','79491231123',14),(18,'Гончаров','Данил','Дмитриевич','email3@gmail.com','79491231124',15),(19,'Деркач','Кирилл','Игоревич','email4@gmail.com','79491231125',16),(20,'Лефтеров','Дмитрий','Дмитриевич','email5@gmail.com','79491231126',17),(21,'Пойденко','Полина','Александровна','email6@gmail.com','79491231127',18),(22,'Рядко','Максим','Алексеевич','email7@gmail.com','79491231128',19),(23,'Савенкова','Валерия','Олеговна','email8@gmail.com','79491231129',20),(24,'Слободяник','Артем','Игоревич','email9@gmail.com','79491231130',21),(25,'Шевченко','Михаил','Владимирович','email10@gmail.com','79491231131',22),(26,'Шестаков','Богдан','Андреевич','email11@gmail.com','79491231132',23),(27,'Яковченко','Артем','Александрович','email12@gmail.com','79491231133',24),(31,'Бабичев','Владислав','Александрович','email14@gmail.com','79491231135',26),(32,'Гейвандов','Илья','Романович','email15@gmail.com','79491231136',27),(33,'Карпович','Владимир','Дмитриевич','email16@gmail.com','79491231137',28),(34,'Клюйко','Данил','Андреевич','email17@gmail.com','79491231138',29),(35,'Лисиченко','Виктор','Тимофеевич','email18@gmail.com','79491231139',30),(36,'Моргунов','Владислав','Дмитриевич','email19@gmail.com','79491231140',31),(37,'Шныра','Богдан','Олегович','email20@gmail.com','79491231141',32),(38,'Агарков','Игорь','Анатольевич','email13@gmail.com','79491231134',25),(39,'Теплова','Ольга','Валентиновна','emailteacher1@gmail.com','79491231152',43),(40,'Матях','Ирина','Владимировна','emailteacher2@gmail.com','79491231153',44),(41,'Поляков','Александр','Иванович','emailteacher3@gmail.com','79491231154',45),(59,'Секирин','Александр','Иванович','emailteacher4@gmail.com','79491231155',46),(61,'Бражников','Виталий','Андреевич','email21@gmail.com','79491231142',33),(62,'Дворников','Денис','Евгеньевич','email22@gmail.com','79491231143',34),(63,'Дудник','Егор','Витальевич','email23@gmail.com','79491231144',35),(64,'Лунев','Дмитрий','Сергеевич','email24@gmail.com','79491231145',36),(65,'Павленко','Мирослав','Сергеевич','email25@gmail.com','79491231146',37),(66,'Пушкарь','Алексей','Дмитриевич','email26@gmail.com','79491231147',38),(67,'Сыгинь','Леонид','Ярославович','email27@gmail.com','79491231148',39),(68,'Шевцов','Максим','Викторович','email28@gmail.com','79491231149',40),(69,'Яковлев','Марк','Юрьевич','email29@gmail.com','79491231150',41),(70,'Ткаченко','Георгий','Александрович','email30@gmail.com','79491231151',42),(71,'Землянская','Светлана','Юрьевна','emailteacher6@gmail.com','79491231157',48),(72,'Шуватова','Екатерина','Александровна','emailteacher7@gmail.com','79491231158',49),(73,'Новиков','Дмитрий','Дмитриевич','emailteacher8@gmail.com','79491231159',50),(74,'Андриевская','Наталья','Климовна','emailteacher9@gmail.com','79491231160',51),(75,'Мартыненко','Татьяна','Владимировна','emailteacher10@gmail.com','79491231161',52),(76,'Пряхин','Владимир','Викторович','emailteacher11@gmail.com','79491231162',53),(78,'Савкова','Елена','Осиповна','emailteacher5@gmail.com','79491231156',47),(162,'Головач','Артем','Андреевич','email32@gmail.com','79491231166',57),(170,'Варанкин','Даниил','Вадимович','email31@gmail.com','79491231165',56);
/*!40000 ALTER TABLE `user` ENABLE KEYS */;
UNLOCK TABLES;

--
-- Dumping events for database 'dbwebsite_university'
--

--
-- Dumping routines for database 'dbwebsite_university'
--
/*!40103 SET TIME_ZONE=@OLD_TIME_ZONE */;

/*!40101 SET SQL_MODE=@OLD_SQL_MODE */;
/*!40014 SET FOREIGN_KEY_CHECKS=@OLD_FOREIGN_KEY_CHECKS */;
/*!40014 SET UNIQUE_CHECKS=@OLD_UNIQUE_CHECKS */;
/*!40101 SET CHARACTER_SET_CLIENT=@OLD_CHARACTER_SET_CLIENT */;
/*!40101 SET CHARACTER_SET_RESULTS=@OLD_CHARACTER_SET_RESULTS */;
/*!40101 SET COLLATION_CONNECTION=@OLD_COLLATION_CONNECTION */;
/*!40111 SET SQL_NOTES=@OLD_SQL_NOTES */;

-- Dump completed on 2023-06-01 19:11:04
